cohort,task,count,encoder,mean_nrmse,mean_nmse,native_rmse,median_person_nrmse,p95_person_nrmse,participants
hcp83,known,8,amp12,0.13948053014861758,0.01996920878037246,10.871555132836,0.13768425007180643,0.1616204938039886,729
hcp83,known,8,amp18,0.13721118823828482,0.01937100611695574,10.694111105057699,0.13483331359817355,0.16070382045088427,729
hcp83,known,8,heat_norm18,0.15335806953625156,0.024059170437947468,11.95344453135276,0.15160096060291178,0.1736565378514808,729
hcp83,known,8,heat_raw18,0.14748949813572368,0.022149792497074144,11.495683040585597,0.145735657651599,0.1676278810784607,729
hcp83,known,8,moments,0.22245495419171182,0.050238982037513175,17.350903852157984,0.22231642205655397,0.23681664278804293,729
hcp83,known,8,prob18,0.16025530726823167,0.02630508704819822,12.4930500233476,0.1579900068890461,0.18532287000912004,729
hcp83,known,8,prob6,0.16463334783865569,0.02770857476228034,12.835663458174519,0.1620434657654682,0.1877886002438189,729
hcp83,known,8,qsf,0.13348052192966198,0.018377222713405625,10.403761749146465,0.13113824284347333,0.1567335907375649,729
hcp83,known,8,shortest_path,0.19201460585316768,0.03763367792954957,14.973492571654713,0.18953022312323978,0.21438282218528276,729
hcp83,known,16,amp12,0.12444898934643098,0.015989884648063207,9.69795052243736,0.12255644221542555,0.14672795183400356,729
hcp83,known,16,amp18,0.12275236458962899,0.015601135669707037,9.565470772257795,0.12043280787937394,0.14442104345240225,729
hcp83,known,16,heat_norm18,0.13742118555877164,0.019395656262876558,10.707818337063008,0.1355152667849428,0.1590828010121056,729
hcp83,known,16,heat_raw18,0.13460455224241763,0.01852824027357432,10.488242968755339,0.13312818964693765,0.1542710807100968,729
hcp83,known,16,moments,0.20288776035660513,0.04194856174331165,15.821215652453821,0.20225966985085242,0.2182430411325004,729
hcp83,known,16,prob18,0.13500029699720723,0.018870754058069157,10.521231104306418,0.1325357537740582,0.15840605891440632,729
hcp83,known,16,prob6,0.1390460837409574,0.019972852419182018,10.837684239782007,0.13691678992105974,0.16261074499403416,729
hcp83,known,16,qsf,0.11838168675399752,0.01457423053354622,9.225068994520154,0.11640267184388442,0.1400892793519222,729
hcp83,known,16,shortest_path,0.16834893795070527,0.028905875407328845,13.124934659690664,0.1658426596753079,0.190581710175969,729
hcp83,known,32,amp12,0.10946717810029531,0.01243848782354344,8.529717693336496,0.10741497787777239,0.13085914297384824,729
hcp83,known,32,amp18,0.10794906067991294,0.01214229799845857,8.411519424542846,0.10601147051790899,0.1291248170724445,729
hcp83,known,32,heat_norm18,0.12021560112769988,0.014873363589212677,9.366040171943627,0.11888017364052261,0.14103765343238794,729
hcp83,known,32,heat_raw18,0.1190581663614296,0.014553218964742725,9.275300813522467,0.11721599074079869,0.14079393195890344,729
hcp83,known,32,moments,0.18640456822393592,0.03537809881938737,14.533338793477805,0.18594760863931983,0.20191978134199712,729
hcp83,known,32,prob18,0.1140692332441805,0.013496326464751905,8.887639744576008,0.1124120875404942,0.1355528147213587,729
hcp83,known,32,prob6,0.1167380168563569,0.014110062894843008,9.095947610226784,0.11491021775178926,0.13843243744197467,729
hcp83,known,32,qsf,0.10455338090039522,0.011436301962893618,8.146883292893888,0.10268263414187019,0.12487771590629729,729
hcp83,known,32,shortest_path,0.14696288639337224,0.02215233901261525,11.452565008815723,0.14467011392997098,0.16978457110901632,729
hcp83,unseen,8,heat_norm18,0.20453676636843351,0.042335882185327384,15.948293212177836,0.2046636391095373,0.2213891345524211,729
hcp83,unseen,8,heat_raw18,0.19384010093544382,0.03803899922464868,15.1128807507044,0.19320272811556846,0.21091860065124704,729
hcp83,unseen,8,qsf,0.18789886166369754,0.03587984216370075,14.64928622427045,0.18724670482371544,0.20857330190740392,729
hcp83,unseen,8,shortest_path,0.22330171982351743,0.05070686365748205,17.41093861407526,0.2210924806139134,0.24460019800114813,729
hcp83,unseen,8,template_qsf,0.5538497350658679,0.3392081266117568,43.217842652280694,0.5350515335415993,0.7320637304467766,729
hcp83,unseen,16,heat_norm18,0.19816717972162337,0.03972586287781147,15.449253236148195,0.19750193276906117,0.21506417233551578,729
hcp83,unseen,16,heat_raw18,0.18930495515114246,0.03630426763877596,14.756444799873577,0.18853586147731358,0.2086231227267273,729
hcp83,unseen,16,qsf,0.18030198838177486,0.03308766029844583,14.054966311772846,0.17948611843350548,0.200107761964097,729
hcp83,unseen,16,shortest_path,0.2079806780897895,0.044057699372000714,16.214293814077365,0.20637078748103724,0.22730841259161214,729
hcp83,unseen,16,template_qsf,0.2733330675635321,0.08019325553422334,21.318697977785046,0.27518151124484663,0.33340102204517635,729
hcp83,unseen,32,heat_norm18,0.2016485263311967,0.041006372346400886,15.721569590843302,0.20040399862384015,0.220158601999395,729
hcp83,unseen,32,heat_raw18,0.1954101258190889,0.03862380669234302,15.23427565306418,0.1950671037524928,0.21463975661365964,729
hcp83,unseen,32,qsf,0.18821873405439743,0.03578131733742392,14.674810237442339,0.18742309997946496,0.20513060821353019,729
hcp83,unseen,32,shortest_path,0.19932040132068896,0.040400387300720104,15.535367884566973,0.1990411485355833,0.21920022365634675,729
hcp83,unseen,32,template_qsf,0.18265512351100038,0.034108819490905884,14.244752641161952,0.17740380099529088,0.21714564333062994,729
oasis,known,8,amp12,0.09945500143463158,0.010347632118555545,15.183996835921961,0.09520161357533746,0.1272515563691457,461
oasis,known,8,amp18,0.09787396345036857,0.010042283733482956,14.94172102720865,0.09363267661433815,0.1262261941783861,461
oasis,known,8,heat_norm18,0.11474838435465066,0.013655573793757236,17.52536302387844,0.1110213377933495,0.1362636654404802,461
oasis,known,8,heat_raw18,0.10909995694269423,0.012366819444689044,16.660135802777816,0.1052110801312262,0.13535111773725547,461
oasis,known,8,moments,0.1922284399011444,0.0372374359571895,29.373174464531573,0.19061375021888613,0.21008679714192693,461
oasis,known,8,prob18,0.12797710159464115,0.016847822629796446,19.54476076102726,0.12424671804398042,0.15046175398483508,461
oasis,known,8,prob6,0.13386971690433516,0.018376636285863203,20.44657305934082,0.13035683864911465,0.15738409928303834,461
oasis,known,8,qsf,0.0912597833597615,0.008739580945209876,13.933283313253026,0.08711519313556827,0.11751956097761838,461
oasis,known,8,shortest_path,0.1371059182534034,0.01982699668402631,20.932247272642524,0.13311571075453155,0.15800987168926592,461
oasis,known,16,amp12,0.07367080645445402,0.005731576295506497,11.247943419845534,0.07027014483216515,0.09627311556407213,461
oasis,known,16,amp18,0.07182161866178562,0.005478845628465609,10.964353562684254,0.06825153711896148,0.09713584246635411,461
oasis,known,16,heat_norm18,0.08857246086576866,0.008321129881819472,13.523272067997567,0.08475651606618832,0.11174480705659053,461
oasis,known,16,heat_raw18,0.08531446499586605,0.007617646161286403,13.026081338078054,0.08137617299915062,0.11082515694635053,461
oasis,known,16,moments,0.16326601688403816,0.026938171755194983,24.94915601651344,0.161382639496682,0.18271599892498372,461
oasis,known,16,prob18,0.08561767133101328,0.0076564466459823,13.075488170106425,0.08252202512658005,0.10711381817666575,461
oasis,known,16,prob6,0.08996121698484555,0.008398703866872642,13.740431192419127,0.0870018667333285,0.11224663210939838,461
oasis,known,16,qsf,0.06593667995130083,0.004620831231226413,10.066623577524759,0.06268989000125698,0.08919717194100912,461
oasis,known,16,shortest_path,0.10752379973157829,0.012272332250244135,16.41335136448581,0.10315269733754544,0.132490218424836,461
oasis,known,32,amp12,0.05667980732064381,0.003438795474142853,8.652899227230096,0.053547396409674125,0.07664126163776129,461
oasis,known,32,amp18,0.05538507837389322,0.003282676688838074,8.454761188716176,0.05245115241867492,0.07735543208301823,461
oasis,known,32,heat_norm18,0.07351192162177575,0.005864891615343302,11.22018788413247,0.0693113730558712,0.09680943427092059,461
oasis,known,32,heat_raw18,0.07107744921932321,0.0053423774936537435,10.85037103215195,0.06746011938969386,0.09502812517709724,461
oasis,known,32,moments,0.1351705177418983,0.018571967294846965,20.654752585075176,0.13338450439553096,0.1555439743014181,461
oasis,known,32,prob18,0.060062849786285476,0.003824675603864048,9.169980623952624,0.05702032828520985,0.08348335186205917,461
oasis,known,32,prob6,0.06273496667189195,0.004147400408524876,9.578812899786426,0.059689573567267784,0.08513543538541235,461
oasis,known,32,qsf,0.04982894214398275,0.0026612467617682938,7.607212945169882,0.046715703088438025,0.07173984131916616,461
oasis,known,32,shortest_path,0.08569244889307376,0.008024849684235695,13.076001751005144,0.08076781830348517,0.1146501043746635,461
oasis,unseen,8,heat_norm18,0.1522802410296644,0.023581451215246615,23.263721560464287,0.14913344752534483,0.1704307241135158,461
oasis,unseen,8,heat_raw18,0.14402650280708956,0.02119955150014544,22.003932228737753,0.14022670496435377,0.1681269460817338,461
oasis,unseen,8,qsf,0.14115135402666873,0.02030580675885257,21.566540739460553,0.1377903044083217,0.1635027815078338,461
oasis,unseen,8,shortest_path,0.16170974698923238,0.026758809508656174,24.70026494976991,0.15868442257232285,0.1766751902434381,461
oasis,unseen,8,template_qsf,0.4177805559444612,0.1773179930544776,63.857288261435926,0.4193208121027747,0.45000988133438047,461
oasis,unseen,16,heat_norm18,0.13597702975395295,0.01885881135514009,20.77205152471043,0.1333398466226359,0.15454638598481552,461
oasis,unseen,16,heat_raw18,0.1277255530119846,0.01667043904884562,19.514757883229542,0.12452994331316534,0.14695304795104033,461
oasis,unseen,16,qsf,0.12506803435397792,0.015926129634710882,19.10849603481382,0.12259063543907985,0.14222632904663213,461
oasis,unseen,16,shortest_path,0.14033713004568144,0.02056030288082285,21.42644202090544,0.1376530637429151,0.15733559784563436,461
oasis,unseen,16,template_qsf,0.18765493876125117,0.03599002577123804,28.68076234362125,0.18897748450200438,0.20286845453587524,461
oasis,unseen,32,heat_norm18,0.13468878683539048,0.018479309547154054,20.57690918496041,0.13219669838108888,0.15127757712384307,461
oasis,unseen,32,heat_raw18,0.12782164649326852,0.016747249034279692,19.53081438512972,0.12463955267154066,0.14709709907316293,461
oasis,unseen,32,qsf,0.12109611163241918,0.014839493929604524,18.50460054281621,0.1196902023620221,0.1348878965641468,461
oasis,unseen,32,shortest_path,0.13413076230680265,0.018633682932039868,20.483527644280112,0.1309730432408616,0.14994087442591017,461
oasis,unseen,32,template_qsf,0.14361777351177935,0.020882072921092933,21.94815735578701,0.1416429910729722,0.16621837736351097,461
