cohort,count,task,a,b,comparison,a_mean,b_mean,a_minus_b,ci_low,ci_high,a_reduction_percent,a_win_fraction,participants,records
hcp83,8,known,qsf,heat_raw18,hcp83_8_known_qsf_heat_raw18,0.13348052192966198,0.14748949813572368,-0.014008976206061683,-0.014422868539201727,-0.013619163441463593,9.498287256473187,0.9794238683127572,729,3189
hcp83,8,known,qsf,heat_norm18,hcp83_8_known_qsf_heat_norm18,0.13348052192966198,0.15335806953625156,-0.019877547606589566,-0.02034807628312322,-0.01940033625437723,12.961527011065318,0.9945130315500685,729,3189
hcp83,8,known,qsf,prob6,hcp83_8_known_qsf_prob6,0.13348052192966198,0.16463334783865569,-0.031152825908993712,-0.031590866003716314,-0.0307171790747511,18.922548996284863,1.0,729,3189
hcp83,8,known,qsf,amp12,hcp83_8_known_qsf_amp12,0.13348052192966198,0.13948053014861758,-0.0060000082189555935,-0.0062106871620022965,-0.00579410699297413,4.301681541188974,0.9835390946502057,729,3189
hcp83,8,known,qsf,prob18,hcp83_8_known_qsf_prob18,0.13348052192966198,0.16025530726823167,-0.026774785338569706,-0.0271769722707313,-0.02637488116333116,16.707581043637244,1.0,729,3189
hcp83,8,known,qsf,amp18,hcp83_8_known_qsf_amp18,0.13348052192966198,0.13721118823828482,-0.0037306663086228444,-0.003935455625528276,-0.003529848066543333,2.718922820013819,0.9190672153635117,729,3189
hcp83,8,known,qsf,shortest_path,hcp83_8_known_qsf_shortest_path,0.13348052192966198,0.19201460585316768,-0.05853408392350568,-0.059245319297660984,-0.057844175816806336,30.48418304608887,1.0,729,3189
hcp83,8,known,qsf,moments,hcp83_8_known_qsf_moments,0.13348052192966198,0.22245495419171182,-0.08897443226204982,-0.08977177364105834,-0.08816269477075843,39.996606317597056,1.0,729,3189
hcp83,8,unseen,qsf,heat_raw18,hcp83_8_unseen_qsf_heat_raw18,0.18789886166369754,0.19384010093544382,-0.005941239271746316,-0.006487802119611066,-0.005435661391132644,3.065020727431905,0.823045267489712,729,3189
hcp83,8,unseen,qsf,heat_norm18,hcp83_8_unseen_qsf_heat_norm18,0.18789886166369754,0.20453676636843351,-0.01663790470473598,-0.01717505553202357,-0.016089755529373972,8.134432258876137,0.9794238683127572,729,3189
hcp83,8,unseen,qsf,shortest_path,hcp83_8_unseen_qsf_shortest_path,0.18789886166369754,0.22330171982351743,-0.03540285815981995,-0.03610595795210018,-0.03466305817269256,15.854270261688944,1.0,729,3189
hcp83,8,unseen,qsf,template_qsf,hcp83_8_unseen_qsf_template_qsf,0.18789886166369754,0.5538497350658679,-0.36595087340217036,-0.3736403523168593,-0.35861309976092476,66.07403601243011,1.0,729,3189
hcp83,8,unseen_vs_known,qsf_unseen,qsf_known,hcp83_8_unseen_vs_known_qsf,0.18789886166369754,0.13348052192966198,0.05441833973403554,0.053806337559787226,0.05502990958221867,-40.768749587832374,0.0,729,3189
hcp83,8,unseen_vs_known,heat_raw18_unseen,heat_raw18_known,hcp83_8_unseen_vs_known_heat_raw18,0.19384010093544382,0.14748949813572368,0.04635060279972018,0.04573547960637719,0.04699191117692151,-31.426375020319828,0.0,729,3189
hcp83,8,unseen_vs_known,heat_norm18_unseen,heat_norm18_known,hcp83_8_unseen_vs_known_heat_norm18,0.20453676636843351,0.15335806953625156,0.05117869683218196,0.05054014034304432,0.05181245802135331,-33.37202729986379,0.0,729,3189
hcp83,8,unseen_vs_known,shortest_path_unseen,shortest_path_known,hcp83_8_unseen_vs_known_shortest_path,0.22330171982351743,0.19201460585316768,0.03128711397034981,0.030831121076338622,0.031729497597394005,-16.294132329847244,0.0013717421124828531,729,3189
hcp83,16,known,qsf,heat_raw18,hcp83_16_known_qsf_heat_raw18,0.11838168675399752,0.13460455224241763,-0.016222865488420113,-0.016580866363626854,-0.015859102912457197,12.05224133817061,0.9958847736625515,729,3189
hcp83,16,known,qsf,heat_norm18,hcp83_16_known_qsf_heat_norm18,0.11838168675399752,0.13742118555877164,-0.01903949880477412,-0.01944506305360304,-0.01864701437089135,13.85484976523609,0.9986282578875172,729,3189
hcp83,16,known,qsf,prob6,hcp83_16_known_qsf_prob6,0.11838168675399752,0.1390460837409574,-0.020664396986959866,-0.021036142607832188,-0.020304583295560803,14.861545489808696,1.0,729,3189
hcp83,16,known,qsf,amp12,hcp83_16_known_qsf_amp12,0.11838168675399752,0.12444898934643098,-0.006067302592433454,-0.00623305203597001,-0.00590686282461893,4.875332957139408,0.9958847736625515,729,3189
hcp83,16,known,qsf,prob18,hcp83_16_known_qsf_prob18,0.11838168675399752,0.13500029699720723,-0.016618610243209687,-0.01697611049507108,-0.01625495675929695,12.310054579771407,1.0,729,3189
hcp83,16,known,qsf,amp18,hcp83_16_known_qsf_amp18,0.11838168675399752,0.12275236458962899,-0.0043706778356314615,-0.0045540420303805925,-0.0041882107509260144,3.560565085848242,0.9657064471879286,729,3189
hcp83,16,known,qsf,shortest_path,hcp83_16_known_qsf_shortest_path,0.11838168675399752,0.16834893795070527,-0.04996725119670774,-0.050630403236432406,-0.04932063456833944,29.680764134870163,1.0,729,3189
hcp83,16,known,qsf,moments,hcp83_16_known_qsf_moments,0.11838168675399752,0.20288776035660513,-0.0845060736026076,-0.08520238654255458,-0.08378709938070973,41.65163706971566,1.0,729,3189
hcp83,16,unseen,qsf,heat_raw18,hcp83_16_unseen_qsf_heat_raw18,0.18030198838177486,0.18930495515114246,-0.009002966769367616,-0.009447781793908365,-0.008557324449749337,4.7558009045138645,0.9382716049382716,729,3189
hcp83,16,unseen,qsf,heat_norm18,hcp83_16_unseen_qsf_heat_norm18,0.18030198838177486,0.19816717972162337,-0.01786519133984853,-0.018357220328269818,-0.017365692195170597,9.01521198663914,0.99039780521262,729,3189
hcp83,16,unseen,qsf,shortest_path,hcp83_16_unseen_qsf_shortest_path,0.18030198838177486,0.2079806780897895,-0.02767868970801463,-0.028433794719404083,-0.02698710197810252,13.30829861804047,1.0,729,3189
hcp83,16,unseen,qsf,template_qsf,hcp83_16_unseen_qsf_template_qsf,0.18030198838177486,0.2733330675635321,-0.09303107918175722,-0.09612448976700708,-0.08990396394262652,34.03579377022635,0.9849108367626886,729,3189
hcp83,16,unseen_vs_known,qsf_unseen,qsf_known,hcp83_16_unseen_vs_known_qsf,0.18030198838177486,0.11838168675399752,0.06192030162777734,0.061385120743138524,0.06244207284197012,-52.30564230466704,0.0,729,3189
hcp83,16,unseen_vs_known,heat_raw18_unseen,heat_raw18_known,hcp83_16_unseen_vs_known_heat_raw18,0.18930495515114246,0.13460455224241763,0.054700402908724834,0.05411568053785192,0.05528581584886849,-40.63785510776151,0.0,729,3189
hcp83,16,unseen_vs_known,heat_norm18_unseen,heat_norm18_known,hcp83_16_unseen_vs_known_heat_norm18,0.19816717972162337,0.13742118555877164,0.060745994162851744,0.06013546804402265,0.06135868510154004,-44.20424253789614,0.0,729,3189
hcp83,16,unseen_vs_known,shortest_path_unseen,shortest_path_known,hcp83_16_unseen_vs_known_shortest_path,0.2079806780897895,0.16834893795070527,0.03963174013908422,0.03908329909862671,0.04019327572145801,-23.541425696839813,0.0013717421124828531,729,3189
hcp83,32,known,qsf,heat_raw18,hcp83_32_known_qsf_heat_raw18,0.10455338090039522,0.1190581663614296,-0.014504785461034392,-0.014796318775298245,-0.014200546135877509,12.182940409985513,0.9958847736625515,729,3189
hcp83,32,known,qsf,heat_norm18,hcp83_32_known_qsf_heat_norm18,0.10455338090039522,0.12021560112769988,-0.015662220227304652,-0.015988329874827657,-0.015338896937268275,13.0284422989886,0.9972565157750343,729,3189
hcp83,32,known,qsf,prob6,hcp83_32_known_qsf_prob6,0.10455338090039522,0.1167380168563569,-0.012184635955961686,-0.012450257460317783,-0.011928155192723167,10.437590327540482,1.0,729,3189
hcp83,32,known,qsf,amp12,hcp83_32_known_qsf_amp12,0.10455338090039522,0.10946717810029531,-0.004913797199900084,-0.005047613636408227,-0.0047854979677602015,4.488831524822907,0.9972565157750343,729,3189
hcp83,32,known,qsf,prob18,hcp83_32_known_qsf_prob18,0.10455338090039522,0.1140692332441805,-0.009515852343785266,-0.009745529139340514,-0.009281909447312386,8.342172620215061,1.0,729,3189
hcp83,32,known,qsf,amp18,hcp83_32_known_qsf_amp18,0.10455338090039522,0.10794906067991294,-0.003395679779517715,-0.003592076505705097,-0.0032124720069133545,3.1456316137724314,0.9670781893004116,729,3189
hcp83,32,known,qsf,shortest_path,hcp83_32_known_qsf_shortest_path,0.10455338090039522,0.14696288639337224,-0.04240950549297702,-0.04345071944883238,-0.041606917351909155,28.857289438001686,1.0,729,3189
hcp83,32,known,qsf,moments,hcp83_32_known_qsf_moments,0.10455338090039522,0.18640456822393592,-0.08185118732354067,-0.08250119615456837,-0.08119243833582883,43.91050503934502,1.0,729,3189
hcp83,32,unseen,qsf,heat_raw18,hcp83_32_unseen_qsf_heat_raw18,0.18821873405439743,0.1954101258190889,-0.007191391764691452,-0.0076761775967809625,-0.006720587966528674,3.680153080372751,0.8834019204389575,729,3189
hcp83,32,unseen,qsf,heat_norm18,hcp83_32_unseen_qsf_heat_norm18,0.18821873405439743,0.2016485263311967,-0.013429792276799288,-0.013934310367530399,-0.01295276069194205,6.660000209841144,0.99039780521262,729,3189
hcp83,32,unseen,qsf,shortest_path,hcp83_32_unseen_qsf_shortest_path,0.18821873405439743,0.19932040132068896,-0.011101667266291531,-0.012274991548337114,-0.010103284233471446,5.569759639621597,0.8477366255144033,729,3189
hcp83,32,unseen,qsf,template_qsf,hcp83_32_unseen_qsf_template_qsf,0.18821873405439743,0.18265512351100038,0.005563610543397051,0.004397353834133792,0.0067013488013115555,-3.045964677285375,0.2757201646090535,729,3189
hcp83,32,unseen_vs_known,qsf_unseen,qsf_known,hcp83_32_unseen_vs_known_qsf,0.18821873405439743,0.10455338090039522,0.08366535315400221,0.08312319352852159,0.08419893433286489,-80.02166207681759,0.0,729,3189
hcp83,32,unseen_vs_known,heat_raw18_unseen,heat_raw18_known,hcp83_32_unseen_vs_known_heat_raw18,0.1954101258190889,0.1190581663614296,0.07635195945765927,0.07568270557133036,0.07704436394374922,-64.1299641940349,0.0,729,3189
hcp83,32,unseen_vs_known,heat_norm18_unseen,heat_norm18_known,hcp83_32_unseen_vs_known_heat_norm18,0.2016485263311967,0.12021560112769988,0.08143292520349685,0.08074459565885886,0.08211442103497843,-67.7390658447019,0.0,729,3189
hcp83,32,unseen_vs_known,shortest_path_unseen,shortest_path_known,hcp83_32_unseen_vs_known_shortest_path,0.19932040132068896,0.14696288639337224,0.052357514927316724,0.05164536383361152,0.0530789455374272,-35.62635180366051,0.0,729,3189
oasis,8,known,qsf,heat_raw18,oasis_8_known_qsf_heat_raw18,0.0912597833597615,0.10909995694269423,-0.017840173582932727,-0.018314355330332665,-0.017386990080296354,16.352136227059603,1.0,461,2085
oasis,8,known,qsf,heat_norm18,oasis_8_known_qsf_heat_norm18,0.0912597833597615,0.11474838435465066,-0.023488600994889173,-0.024083776552475965,-0.022922285079425064,20.469657265320087,0.9978308026030369,461,2085
oasis,8,known,qsf,prob6,oasis_8_known_qsf_prob6,0.0912597833597615,0.13386971690433516,-0.04260993354457366,-0.04310917491740971,-0.04210358400101971,31.82940438652247,1.0,461,2085
oasis,8,known,qsf,amp12,oasis_8_known_qsf_amp12,0.0912597833597615,0.09945500143463158,-0.008195218074870085,-0.00843782879552405,-0.007959653613380604,8.240126646880125,1.0,461,2085
oasis,8,known,qsf,prob18,oasis_8_known_qsf_prob18,0.0912597833597615,0.12797710159464115,-0.03671731823487966,-0.03719553167173472,-0.03623908799956485,28.690537430031263,1.0,461,2085
oasis,8,known,qsf,amp18,oasis_8_known_qsf_amp18,0.0912597833597615,0.09787396345036857,-0.006614180090607075,-0.0068574450668716916,-0.006371430256676186,6.757854548274317,0.9956616052060737,461,2085
oasis,8,known,qsf,shortest_path,oasis_8_known_qsf_shortest_path,0.0912597833597615,0.1371059182534034,-0.045846134893641935,-0.047170882753245734,-0.044725842757574144,33.43847988305484,0.9978308026030369,461,2085
oasis,8,known,qsf,moments,oasis_8_known_qsf_moments,0.0912597833597615,0.1922284399011444,-0.10096865654138289,-0.10224676084153557,-0.0996348729369897,52.52534775463358,1.0,461,2085
oasis,8,unseen,qsf,heat_raw18,oasis_8_unseen_qsf_heat_raw18,0.14115135402666873,0.14402650280708956,-0.002875148780420837,-0.0034387608624145247,-0.002350883602456387,1.9962636906291018,0.7396963123644251,461,2085
oasis,8,unseen,qsf,heat_norm18,oasis_8_unseen_qsf_heat_norm18,0.14115135402666873,0.1522802410296644,-0.011128887002995648,-0.011866441741601019,-0.010348215715712037,7.308162193431084,0.9175704989154013,461,2085
oasis,8,unseen,qsf,shortest_path,oasis_8_unseen_qsf_shortest_path,0.14115135402666873,0.16170974698923238,-0.020558392962563617,-0.0216709855953484,-0.01946401493229016,12.71314397884288,0.9804772234273319,461,2085
oasis,8,unseen,qsf,template_qsf,oasis_8_unseen_qsf_template_qsf,0.14115135402666873,0.4177805559444612,-0.27662920191779233,-0.27853460518880635,-0.2745765721407528,66.21399631498574,1.0,461,2085
oasis,8,unseen_vs_known,qsf_unseen,qsf_known,oasis_8_unseen_vs_known_qsf,0.14115135402666873,0.0912597833597615,0.049891570666907255,0.04921733036639477,0.050568620120676804,-54.66983246084009,0.0,461,2085
oasis,8,unseen_vs_known,heat_raw18_unseen,heat_raw18_known,oasis_8_unseen_vs_known_heat_raw18,0.14402650280708956,0.10909995694269423,0.03492654586439536,0.03436005452321839,0.03550637331842545,-32.01334523233665,0.0021691973969631237,461,2085
oasis,8,unseen_vs_known,heat_norm18_unseen,heat_norm18_known,oasis_8_unseen_vs_known_heat_norm18,0.1522802410296644,0.11474838435465066,0.037531856675013735,0.03693642798519583,0.038126840916618165,-32.70796088859493,0.0021691973969631237,461,2085
oasis,8,unseen_vs_known,shortest_path_unseen,shortest_path_known,oasis_8_unseen_vs_known_shortest_path,0.16170974698923238,0.1371059182534034,0.024603828735828937,0.023868473047577266,0.0251876260464688,-17.94512523548066,0.008676789587852495,461,2085
oasis,16,known,qsf,heat_raw18,oasis_16_known_qsf_heat_raw18,0.06593667995130083,0.08531446499586605,-0.019377785044565214,-0.019801771362989266,-0.01897973573906848,22.713364076659428,0.9978308026030369,461,2085
oasis,16,known,qsf,heat_norm18,oasis_16_known_qsf_heat_norm18,0.06593667995130083,0.08857246086576866,-0.022635780914467832,-0.023180083308150107,-0.02214433134354153,25.556228982699597,1.0,461,2085
oasis,16,known,qsf,prob6,oasis_16_known_qsf_prob6,0.06593667995130083,0.08996121698484555,-0.024024537033544725,-0.024474074195227968,-0.02354345784100176,26.70543800846067,0.9978308026030369,461,2085
oasis,16,known,qsf,amp12,oasis_16_known_qsf_amp12,0.06593667995130083,0.07367080645445402,-0.007734126503153183,-0.007952618725265967,-0.007527527967513994,10.498224297211559,0.9978308026030369,461,2085
oasis,16,known,qsf,prob18,oasis_16_known_qsf_prob18,0.06593667995130083,0.08561767133101328,-0.019680991379712433,-0.020103030955090848,-0.01925372318613031,22.987066891392324,0.9978308026030369,461,2085
oasis,16,known,qsf,amp18,oasis_16_known_qsf_amp18,0.06593667995130083,0.07182161866178562,-0.005884938710484778,-0.006148734320773535,-0.005646493252327835,8.193826343844306,0.9978308026030369,461,2085
oasis,16,known,qsf,shortest_path,oasis_16_known_qsf_shortest_path,0.06593667995130083,0.10752379973157829,-0.041587119780277466,-0.04280453959127041,-0.04061957178645219,38.6771299787538,1.0,461,2085
oasis,16,known,qsf,moments,oasis_16_known_qsf_moments,0.06593667995130083,0.16326601688403816,-0.09732933693273733,-0.09847864290758702,-0.09611981261321274,59.61395934701265,0.9956616052060737,461,2085
oasis,16,unseen,qsf,heat_raw18,oasis_16_unseen_qsf_heat_raw18,0.12506803435397792,0.1277255530119846,-0.002657518658006685,-0.0032134267840828305,-0.0021383544733703697,2.0806476036610446,0.6854663774403471,461,2085
oasis,16,unseen,qsf,heat_norm18,oasis_16_unseen_qsf_heat_norm18,0.12506803435397792,0.13597702975395295,-0.010908995399975033,-0.01149351226604352,-0.010340026146662832,8.02267516779458,0.982646420824295,461,2085
oasis,16,unseen,qsf,shortest_path,oasis_16_unseen_qsf_shortest_path,0.12506803435397792,0.14033713004568144,-0.015269095691703503,-0.0169064498960051,-0.014021328586849645,10.880296388228286,0.9544468546637744,461,2085
oasis,16,unseen,qsf,template_qsf,oasis_16_unseen_qsf_template_qsf,0.12506803435397792,0.18765493876125117,-0.06258690440727323,-0.06399341922442134,-0.06101586113387467,33.35212215592207,0.9891540130151844,461,2085
oasis,16,unseen_vs_known,qsf_unseen,qsf_known,oasis_16_unseen_vs_known_qsf,0.12506803435397792,0.06593667995130083,0.05913135440267709,0.05848231534590918,0.059785851907573025,-89.67899877025964,0.0,461,2085
oasis,16,unseen_vs_known,heat_raw18_unseen,heat_raw18_known,oasis_16_unseen_vs_known_heat_raw18,0.1277255530119846,0.08531446499586605,0.04241108801611855,0.041842530020064,0.04298996407424999,-49.71148564100308,0.0,461,2085
oasis,16,unseen_vs_known,heat_norm18_unseen,heat_norm18_known,oasis_16_unseen_vs_known_heat_norm18,0.13597702975395295,0.08857246086576866,0.04740456888818427,0.04683994467499845,0.04796479143940582,-53.52066367448659,0.0,461,2085
oasis,16,unseen_vs_known,shortest_path_unseen,shortest_path_known,oasis_16_unseen_vs_known_shortest_path,0.14033713004568144,0.10752379973157829,0.03281333031410312,0.032268866621339314,0.03340688109808746,-30.517271893309324,0.0021691973969631237,461,2085
oasis,32,known,qsf,heat_raw18,oasis_32_known_qsf_heat_raw18,0.04982894214398275,0.07107744921932321,-0.021248507075340466,-0.02171462591529487,-0.020829490034083648,29.894864417227588,1.0,461,2085
oasis,32,known,qsf,heat_norm18,oasis_32_known_qsf_heat_norm18,0.04982894214398275,0.07351192162177575,-0.023682979477792996,-0.02450227959333863,-0.02299987876648408,32.21651530161825,1.0,461,2085
oasis,32,known,qsf,prob6,oasis_32_known_qsf_prob6,0.04982894214398275,0.06273496667189195,-0.012906024527909203,-0.013240460663553255,-0.01256883461534981,20.57229837294497,0.9978308026030369,461,2085
oasis,32,known,qsf,amp12,oasis_32_known_qsf_amp12,0.04982894214398275,0.05667980732064381,-0.006850865176661063,-0.00711602216982882,-0.006607166948281778,12.086959184432247,1.0,461,2085
oasis,32,known,qsf,prob18,oasis_32_known_qsf_prob18,0.04982894214398275,0.060062849786285476,-0.01023390764230273,-0.010511216250374269,-0.009958807053010279,17.038664796487055,0.9978308026030369,461,2085
oasis,32,known,qsf,amp18,oasis_32_known_qsf_amp18,0.04982894214398275,0.05538507837389322,-0.005556136229910473,-0.005783134073444932,-0.005343290444977367,10.031828775978507,1.0,461,2085
oasis,32,known,qsf,shortest_path,oasis_32_known_qsf_shortest_path,0.04982894214398275,0.08569244889307376,-0.03586350674909101,-0.037271838808878216,-0.034762911740144,41.85142006367581,1.0,461,2085
oasis,32,known,qsf,moments,oasis_32_known_qsf_moments,0.04982894214398275,0.1351705177418983,-0.08534157559791555,-0.08629781531116779,-0.08438162667132876,63.13623490062474,1.0,461,2085
oasis,32,unseen,qsf,heat_raw18,oasis_32_unseen_qsf_heat_raw18,0.12109611163241918,0.12782164649326852,-0.006725534860849359,-0.0076008210372536765,-0.005866409270443998,5.261655631390672,0.7592190889370932,461,2085
oasis,32,unseen,qsf,heat_norm18,oasis_32_unseen_qsf_heat_norm18,0.12109611163241918,0.13468878683539048,-0.013592675202971303,-0.014379006196335175,-0.012882732229104972,10.091913010979566,0.9783080260303688,461,2085
oasis,32,unseen,qsf,shortest_path,oasis_32_unseen_qsf_shortest_path,0.12109611163241918,0.13413076230680265,-0.013034650674383473,-0.014587433869597915,-0.011910332734561248,9.71786818341403,0.9804772234273319,461,2085
oasis,32,unseen,qsf,template_qsf,oasis_32_unseen_qsf_template_qsf,0.12109611163241918,0.14361777351177935,-0.022521661879360125,-0.023424891964588766,-0.02155730013714941,15.68166761582122,0.9761388286334056,461,2085
oasis,32,unseen_vs_known,qsf_unseen,qsf_known,oasis_32_unseen_vs_known_qsf,0.12109611163241918,0.04982894214398275,0.07126716948843642,0.07055028462608502,0.07196563813485843,-143.0236453395038,0.0,461,2085
oasis,32,unseen_vs_known,heat_raw18_unseen,heat_raw18_known,oasis_32_unseen_vs_known_heat_raw18,0.12782164649326852,0.07107744921932321,0.05674419727394532,0.05596130075275989,0.05752959934844732,-79.83431861609175,0.0,461,2085
oasis,32,unseen_vs_known,heat_norm18_unseen,heat_norm18_known,oasis_32_unseen_vs_known_heat_norm18,0.13468878683539048,0.07351192162177575,0.06117686521361474,0.06040296651360664,0.06190935497951167,-83.22033197332836,0.0021691973969631237,461,2085
oasis,32,unseen_vs_known,shortest_path_unseen,shortest_path_known,oasis_32_unseen_vs_known_shortest_path,0.13413076230680265,0.08569244889307376,0.048438313413728895,0.04767820793124801,0.04918623481626855,-56.5257663183016,0.004338394793926247,461,2085
