cohort,split_id,mask_id,source_count,encoder,family,alpha,radius,validation_nrmse,validation_nmse,validation_se,alpha_over_inner_N,policy
hcp83,1,1,8,qsf,bounded_residual,0.1,4.0,0.11059361485538309,0.01258752523976919,0.0014568753112568996,6.5651260504201685e-06,heat_discrimination
hcp83,1,1,8,heat_raw18,bounded_residual,0.001,1.0,0.1300000160369178,0.01711072226419742,0.0011199439149396481,6.565126050420168e-08,qsf_discrimination
hcp83,1,1,8,heat_norm18,bounded_residual,0.01,2.0,0.13562801029643992,0.018709282036193747,0.0013678381866639108,6.565126050420168e-07,heat_discrimination
hcp83,1,1,16,qsf,bounded_residual,0.1,4.0,0.09067797592848546,0.008516761035386611,0.0013234733273519428,6.5651260504201685e-06,heat_discrimination
hcp83,1,1,16,heat_raw18,bounded_residual,0.01,1.0,0.11444444889111431,0.01339510212408243,0.001330883706798293,6.565126050420168e-07,spectral
hcp83,1,1,16,heat_norm18,bounded_residual,0.01,1.0,0.11003691903908745,0.012368617125867993,0.0012452136321142078,6.565126050420168e-07,spectral
hcp83,1,1,32,qsf,bounded_residual,1.0,4.0,0.0784435173001114,0.006356990125985259,0.0011008782196943985,6.565126050420168e-05,qsf_discrimination
hcp83,1,1,32,heat_raw18,bounded_residual,0.01,4.0,0.10201662749934827,0.010718100629516126,0.0013599464782346306,6.565126050420168e-07,qsf_discrimination
hcp83,1,1,32,heat_norm18,bounded_residual,0.01,4.0,0.09876379981510848,0.010041166582506247,0.0013067554070952966,6.565126050420168e-07,qsf_discrimination
hcp83,1,2,8,qsf,bounded_residual,0.1,2.0,0.1430974576746542,0.0206448172741327,0.0009998061752137394,6.572461386789353e-06,heat_discrimination
hcp83,1,2,8,heat_raw18,bounded_residual,0.001,1.0,0.15483099521552254,0.024161476284151124,0.0010602088875545843,6.572461386789353e-08,qsf_discrimination
hcp83,1,2,8,heat_norm18,bounded_residual,0.001,2.0,0.15543554071865434,0.024322818923795654,0.0009838324156050422,6.572461386789353e-08,heat_discrimination
hcp83,1,2,16,qsf,bounded_residual,1.0,4.0,0.13538574612532744,0.01848179309850392,0.0009527305513762058,6.572461386789353e-05,qsf_discrimination
hcp83,1,2,16,heat_raw18,bounded_residual,0.001,1.0,0.1453119765224382,0.021256979191770255,0.0009174520582797804,6.572461386789353e-08,spectral
hcp83,1,2,16,heat_norm18,bounded_residual,0.001,1.0,0.14596480055302716,0.021438020444235786,0.0008874033943088844,6.572461386789353e-08,qsf_discrimination
hcp83,1,2,32,qsf,bounded_residual,1.0,1.0,0.1263312748630942,0.01606744507423122,0.0008012418400764518,6.572461386789353e-05,qsf_discrimination
hcp83,1,2,32,heat_raw18,bounded_residual,0.001,1.0,0.13485833853924017,0.01830813284674899,0.0008499347775560601,6.572461386789353e-08,qsf_discrimination
hcp83,1,2,32,heat_norm18,bounded_residual,0.01,1.0,0.13694013006251912,0.01886355975192876,0.000812698804942053,6.572461386789352e-07,qsf_discrimination
hcp83,1,3,8,qsf,bounded_residual,0.1,1.0,0.12003711955491607,0.01467919825583015,0.0012684077588816965,6.811061163329247e-06,heat_discrimination
hcp83,1,3,8,heat_raw18,bounded_residual,0.001,1.0,0.1302802418257482,0.017173440243206578,0.001092449282442527,6.811061163329247e-08,heat_discrimination
hcp83,1,3,8,heat_norm18,bounded_residual,0.001,1.0,0.13335400166888073,0.017959936830235185,0.0010254124290212851,6.811061163329247e-08,heat_discrimination
hcp83,1,3,16,qsf,bounded_residual,0.1,4.0,0.1090849814816617,0.012154606959603732,0.0012321916564680113,6.811061163329247e-06,heat_discrimination
hcp83,1,3,16,heat_raw18,bounded_residual,0.001,1.0,0.1214183523860138,0.014955574603458602,0.0011264099823596217,6.811061163329247e-08,qsf_discrimination
hcp83,1,3,16,heat_norm18,bounded_residual,0.001,4.0,0.12385181550999025,0.015557301316595246,0.0011392068864810598,6.811061163329247e-08,random
hcp83,1,3,32,qsf,bounded_residual,0.1,4.0,0.09966136702175496,0.010145545320947935,0.0011264071736504287,6.811061163329247e-06,heat_discrimination
hcp83,1,3,32,heat_raw18,bounded_residual,0.001,2.0,0.11242874947277667,0.012853846386839089,0.0011276362731150026,6.811061163329247e-08,heat_discrimination
hcp83,1,3,32,heat_norm18,bounded_residual,0.01,1.0,0.11113546523092857,0.012570325801175002,0.0011423507745623946,6.811061163329247e-07,qsf_discrimination
hcp83,2,1,8,qsf,bounded_residual,0.1,4.0,0.10664029568493681,0.011586669004380674,0.0011266443357290305,6.554368486596317e-06,heat_discrimination
hcp83,2,1,8,heat_raw18,bounded_residual,0.001,2.0,0.12696776872123477,0.01628837270330169,0.000995725804242846,6.554368486596317e-08,heat_discrimination
hcp83,2,1,8,heat_norm18,bounded_residual,0.001,2.0,0.1306130885460577,0.017314433861105545,0.0012275317071676769,6.554368486596317e-08,random
hcp83,2,1,16,qsf,bounded_residual,0.1,4.0,0.09026967162310798,0.008341301886764838,0.0010677861625260955,6.554368486596317e-06,heat_discrimination
hcp83,2,1,16,heat_raw18,bounded_residual,0.001,1.0,0.11088778139902462,0.01250613572632294,0.0011148159365283942,6.554368486596317e-08,spectral
hcp83,2,1,16,heat_norm18,bounded_residual,0.001,1.0,0.10706081966049595,0.011646485337614879,0.0010447565080771,6.554368486596317e-08,spectral
hcp83,2,1,32,qsf,bounded_residual,0.1,4.0,0.07628119037360964,0.005988592634846942,0.0010022832809828096,6.554368486596317e-06,qsf_discrimination
hcp83,2,1,32,heat_raw18,bounded_residual,0.001,4.0,0.09769985682850943,0.009741886080981291,0.0010786361558132167,6.554368486596317e-08,spectral
hcp83,2,1,32,heat_norm18,bounded_residual,0.001,1.0,0.09626316852387937,0.009438831792505636,0.001009523228757706,6.554368486596317e-08,spectral
hcp83,2,2,8,qsf,bounded_residual,0.01,2.0,0.14277609211389766,0.020529375010951416,0.0009242381530330868,6.562541015881349e-07,heat_discrimination
hcp83,2,2,8,heat_raw18,bounded_residual,0.001,1.0,0.15482243607346152,0.0241105238596187,0.0009119104982346879,6.562541015881349e-08,qsf_discrimination
hcp83,2,2,8,heat_norm18,bounded_residual,0.001,2.0,0.15866024620054076,0.02534270753500263,0.0010018734243903182,6.562541015881349e-08,heat_discrimination
hcp83,2,2,16,qsf,bounded_residual,0.1,4.0,0.13227867363096002,0.017584983528730683,0.0007188749887810623,6.562541015881349e-06,qsf_discrimination
hcp83,2,2,16,heat_raw18,bounded_residual,0.001,1.0,0.14154874450901017,0.020150133267574925,0.000821624151026274,6.562541015881349e-08,qsf_discrimination
hcp83,2,2,16,heat_norm18,bounded_residual,0.01,1.0,0.1444684438325457,0.020977863042009957,0.0007947005636546343,6.562541015881349e-07,qsf_discrimination
hcp83,2,2,32,qsf,bounded_residual,0.1,1.0,0.12602062052836693,0.015947449025554793,0.000626119008670483,6.562541015881349e-06,qsf_discrimination
hcp83,2,2,32,heat_raw18,bounded_residual,0.001,1.0,0.13557298189358344,0.018486784084706668,0.0007947708731212284,6.562541015881349e-08,spectral
hcp83,2,2,32,heat_norm18,bounded_residual,0.01,1.0,0.13805333790095134,0.01915857271077251,0.0007686482608994586,6.562541015881349e-07,spectral
hcp83,2,3,8,qsf,bounded_residual,0.01,1.0,0.11734527090287418,0.013906366315920812,0.0008985646432274378,6.799945600435196e-07,heat_discrimination
hcp83,2,3,8,heat_raw18,bounded_residual,0.001,1.0,0.12931507353950933,0.01681471895965105,0.0007391451768360024,6.799945600435196e-08,heat_discrimination
hcp83,2,3,8,heat_norm18,bounded_residual,0.001,1.0,0.13307225528252534,0.01781884672217165,0.0008090523208996004,6.799945600435196e-08,heat_discrimination
hcp83,2,3,16,qsf,bounded_residual,0.01,1.0,0.1073828591967868,0.011640681587564065,0.0008053193651002494,6.799945600435196e-07,qsf_discrimination
hcp83,2,3,16,heat_raw18,bounded_residual,0.001,1.0,0.12005503267436708,0.014515547334320455,0.0007781652821691722,6.799945600435196e-08,qsf_discrimination
hcp83,2,3,16,heat_norm18,bounded_residual,0.001,1.0,0.12052989659828646,0.014645846878973093,0.0008369814211120727,6.799945600435196e-08,spectral
hcp83,2,3,32,qsf,bounded_residual,0.01,4.0,0.09765976926348048,0.009642856880262856,0.0007898256405093302,6.799945600435196e-07,heat_discrimination
hcp83,2,3,32,heat_raw18,bounded_residual,0.001,1.0,0.11167848991816046,0.012593430268029468,0.0008473598315910768,6.799945600435196e-08,qsf_discrimination
hcp83,2,3,32,heat_norm18,bounded_residual,0.001,1.0,0.10867628155972335,0.01193297027430703,0.0008511603658506599,6.799945600435196e-08,qsf_discrimination
hcp83,3,1,8,qsf,bounded_residual,0.1,4.0,0.10803760074652993,0.011940998657242323,0.001265088652492382,6.5651260504201685e-06,heat_discrimination
hcp83,3,1,8,heat_raw18,bounded_residual,0.001,4.0,0.12826938018508255,0.016656206070370497,0.0010997082332353325,6.565126050420168e-08,heat_discrimination
hcp83,3,1,8,heat_norm18,bounded_residual,0.001,2.0,0.13076509314277668,0.017337923161859482,0.0011912717724498784,6.565126050420168e-08,heat_discrimination
hcp83,3,1,16,qsf,bounded_residual,0.1,4.0,0.09030770998594091,0.00840234978881946,0.0012122080058686016,6.5651260504201685e-06,heat_discrimination
hcp83,3,1,16,heat_raw18,bounded_residual,0.01,2.0,0.11285929831136866,0.012998226450118595,0.0012464359542313209,6.565126050420168e-07,spectral
hcp83,3,1,16,heat_norm18,bounded_residual,0.001,1.0,0.1089297227609594,0.01210546627024275,0.0011946850787054283,6.565126050420168e-08,spectral
hcp83,3,1,32,qsf,bounded_residual,0.1,4.0,0.07702377563183938,0.006140229586722814,0.0011115400463483972,6.5651260504201685e-06,qsf_discrimination
hcp83,3,1,32,heat_raw18,bounded_residual,0.01,4.0,0.10001938286054379,0.010257201551696161,0.001227959505430405,6.565126050420168e-07,qsf_discrimination
hcp83,3,1,32,heat_norm18,bounded_residual,0.01,4.0,0.09653870790707492,0.009532058961005604,0.0011242374045962525,6.565126050420168e-07,qsf_discrimination
hcp83,3,2,8,qsf,bounded_residual,0.01,2.0,0.14269893223497954,0.020464770922898043,0.0007783746110247043,6.573325445342799e-07,heat_discrimination
hcp83,3,2,8,heat_raw18,bounded_residual,0.001,4.0,0.15637136684085046,0.02456702036880117,0.0008274170981539549,6.573325445342799e-08,qsf_discrimination
hcp83,3,2,8,heat_norm18,bounded_residual,0.001,2.0,0.15841868407324064,0.02522323859166866,0.0008686303126578326,6.573325445342799e-08,heat_discrimination
hcp83,3,2,16,qsf,bounded_residual,0.01,4.0,0.1318339054668693,0.017443069880525176,0.0006118436710825189,6.573325445342799e-07,qsf_discrimination
hcp83,3,2,16,heat_raw18,bounded_residual,0.001,1.0,0.1422054502050028,0.020304848421363215,0.0007005879901047842,6.573325445342799e-08,qsf_discrimination
hcp83,3,2,16,heat_norm18,bounded_residual,0.001,1.0,0.14422972551145777,0.02088385677396077,0.0006971158818162705,6.573325445342799e-08,qsf_discrimination
hcp83,3,2,32,qsf,bounded_residual,0.1,4.0,0.12624919836128015,0.015995981875039134,0.000583104316472223,6.573325445342799e-06,spectral
hcp83,3,2,32,heat_raw18,bounded_residual,0.001,1.0,0.13479531672060532,0.01824716041896048,0.000678684867751863,6.573325445342799e-08,spectral
hcp83,3,2,32,heat_norm18,bounded_residual,0.01,1.0,0.13775191569789547,0.01904858724117524,0.0006591704867227215,6.573325445342799e-07,spectral
hcp83,3,3,8,qsf,bounded_residual,0.01,1.0,0.11737345980536225,0.013936978194049241,0.0009772688113169896,6.812917291184085e-07,heat_discrimination
hcp83,3,3,8,heat_raw18,bounded_residual,0.001,1.0,0.12947032706821496,0.016927208796994945,0.0009899591316852886,6.812917291184086e-08,heat_discrimination
hcp83,3,3,8,heat_norm18,bounded_residual,0.001,1.0,0.13261759510142504,0.01769551164599412,0.0008020996090195618,6.812917291184086e-08,heat_discrimination
hcp83,3,3,16,qsf,bounded_residual,0.01,1.0,0.10731904676229695,0.01162758225011777,0.000809925232255055,6.812917291184085e-07,qsf_discrimination
hcp83,3,3,16,heat_raw18,bounded_residual,0.001,1.0,0.12056257925072364,0.014662260641574604,0.0008691988853577104,6.812917291184086e-08,spectral
hcp83,3,3,16,heat_norm18,bounded_residual,0.001,1.0,0.1184938640508798,0.014156066705843398,0.0008283334104688192,6.812917291184086e-08,spectral
hcp83,3,3,32,qsf,bounded_residual,0.1,4.0,0.09768683637024077,0.009656220625294707,0.0008219555125999878,6.812917291184085e-06,heat_discrimination
hcp83,3,3,32,heat_raw18,bounded_residual,0.001,1.0,0.11081357311925512,0.012396575243890248,0.000834263491955852,6.812917291184086e-08,qsf_discrimination
hcp83,3,3,32,heat_norm18,bounded_residual,0.001,1.0,0.10759482650200064,0.011707766880595175,0.0008834462773691036,6.812917291184086e-08,qsf_discrimination
hcp83,4,1,8,qsf,bounded_residual,0.1,4.0,0.10690774602365925,0.01174415010238664,0.001369054119350567,6.5651260504201685e-06,heat_discrimination
hcp83,4,1,8,heat_raw18,bounded_residual,0.001,2.0,0.1285080727037143,0.01672345956565261,0.0011157285032805607,6.565126050420168e-08,qsf_discrimination
hcp83,4,1,8,heat_norm18,bounded_residual,0.001,4.0,0.13013495335357755,0.01717981505831853,0.001206897276324529,6.565126050420168e-08,heat_discrimination
hcp83,4,1,16,qsf,bounded_residual,0.1,4.0,0.0872535695039311,0.00785507418743767,0.0011999226072769782,6.5651260504201685e-06,heat_discrimination
hcp83,4,1,16,heat_raw18,bounded_residual,0.01,2.0,0.1108217396899663,0.012537986837137938,0.0012357011919864472,6.565126050420168e-07,spectral
hcp83,4,1,16,heat_norm18,bounded_residual,0.001,1.0,0.10686735570529408,0.011633734307505436,0.001126262762370447,6.565126050420168e-08,spectral
hcp83,4,1,32,qsf,bounded_residual,0.1,4.0,0.07537295514159385,0.005869763413573853,0.0010597648177923993,6.5651260504201685e-06,qsf_discrimination
hcp83,4,1,32,heat_raw18,bounded_residual,0.001,4.0,0.09686272035316584,0.009610840491449151,0.001166123761180669,6.565126050420168e-08,qsf_discrimination
hcp83,4,1,32,heat_norm18,bounded_residual,0.01,4.0,0.09522909719030329,0.009280897059727027,0.001124182528516344,6.565126050420168e-07,qsf_discrimination
hcp83,4,2,8,qsf,bounded_residual,0.01,2.0,0.14288498173381756,0.02058406030123051,0.0009998282476229975,6.572461386789352e-07,heat_discrimination
hcp83,4,2,8,heat_raw18,bounded_residual,0.001,1.0,0.15303060318140507,0.02357497241229162,0.0009654967332037517,6.572461386789353e-08,qsf_discrimination
hcp83,4,2,8,heat_norm18,bounded_residual,0.001,2.0,0.15725820323245937,0.024901877614652117,0.0010110553501834763,6.572461386789353e-08,heat_discrimination
hcp83,4,2,16,qsf,bounded_residual,0.1,4.0,0.13185374294613322,0.017488802603525713,0.0007844966335049607,6.572461386789353e-06,heat_discrimination
hcp83,4,2,16,heat_raw18,bounded_residual,0.001,1.0,0.1432089475568447,0.020626714411613407,0.0008377682629147029,6.572461386789353e-08,spectral
hcp83,4,2,16,heat_norm18,bounded_residual,0.001,1.0,0.14491578285707912,0.021132277260068427,0.0008853743457280297,6.572461386789353e-08,qsf_discrimination
hcp83,4,2,32,qsf,bounded_residual,1.0,4.0,0.12635425130998534,0.016048665657907323,0.0007040225992398325,6.572461386789353e-05,spectral
hcp83,4,2,32,heat_raw18,bounded_residual,0.001,1.0,0.13393911264361283,0.01805309008003328,0.0008215989936690647,6.572461386789353e-08,spectral
hcp83,4,2,32,heat_norm18,bounded_residual,0.01,1.0,0.1368999426831394,0.018836710726136657,0.0007524421330772229,6.572461386789352e-07,spectral
hcp83,4,3,8,qsf,bounded_residual,0.01,1.0,0.1173032659897077,0.013938118734012973,0.0010295124891147448,6.811061163329247e-07,heat_discrimination
hcp83,4,3,8,heat_raw18,bounded_residual,0.001,1.0,0.12889317165978526,0.01675600684534079,0.000921170143602063,6.811061163329247e-08,heat_discrimination
hcp83,4,3,8,heat_norm18,bounded_residual,0.001,1.0,0.13203223037220482,0.01756384873972073,0.0008841827093213784,6.811061163329247e-08,heat_discrimination
hcp83,4,3,16,qsf,bounded_residual,0.01,1.0,0.10690554204343196,0.011588453325034859,0.0009748577595721131,6.811061163329247e-07,qsf_discrimination
hcp83,4,3,16,heat_raw18,bounded_residual,0.001,1.0,0.11883105080572799,0.014273705787310534,0.0009539615137646716,6.811061163329247e-08,qsf_discrimination
hcp83,4,3,16,heat_norm18,bounded_residual,0.001,1.0,0.11814450073980563,0.014110532491250332,0.0009524699601324682,6.811061163329247e-08,spectral
hcp83,4,3,32,qsf,bounded_residual,0.01,4.0,0.09726586920743652,0.00960381882198026,0.0009231464998209211,6.811061163329247e-07,heat_discrimination
hcp83,4,3,32,heat_raw18,bounded_residual,0.001,1.0,0.11089080175977223,0.012442640483233808,0.0009318139257994335,6.811061163329247e-08,qsf_discrimination
hcp83,4,3,32,heat_norm18,bounded_residual,0.01,1.0,0.10991164048037459,0.012248642333128092,0.0010002190832660558,6.811061163329247e-07,spectral
hcp83,5,1,8,qsf,bounded_residual,0.01,4.0,0.10708543984033608,0.01172476405351601,0.001237972198793952,6.565126050420168e-07,heat_discrimination
hcp83,5,1,8,heat_raw18,bounded_residual,0.001,4.0,0.12858619405411054,0.01677867094567985,0.0012057936636409446,6.565126050420168e-08,heat_discrimination
hcp83,5,1,8,heat_norm18,bounded_residual,0.001,2.0,0.13352963689765898,0.018133107767602918,0.0013428466511355166,6.565126050420168e-08,random
hcp83,5,1,16,qsf,bounded_residual,0.01,4.0,0.08693900184035973,0.007756845153069684,0.0010868672545429313,6.565126050420168e-07,heat_discrimination
hcp83,5,1,16,heat_raw18,bounded_residual,0.01,4.0,0.1102362672569264,0.01234692851461909,0.0010770713595500642,6.565126050420168e-07,spectral
hcp83,5,1,16,heat_norm18,bounded_residual,0.001,1.0,0.10534376823127888,0.0112808406009332,0.0010452018937113746,6.565126050420168e-08,spectral
hcp83,5,1,32,qsf,bounded_residual,0.1,4.0,0.0751685291377392,0.005813163279346194,0.000984569964789576,6.5651260504201685e-06,qsf_discrimination
hcp83,5,1,32,heat_raw18,bounded_residual,0.001,4.0,0.09607494562207015,0.009450736372694231,0.001145231304382952,6.565126050420168e-08,qsf_discrimination
hcp83,5,1,32,heat_norm18,bounded_residual,0.01,4.0,0.09416172556092352,0.009091214691785742,0.0011567198367815575,6.565126050420168e-07,qsf_discrimination
hcp83,5,2,8,qsf,bounded_residual,0.01,2.0,0.14133513696319852,0.02009761655107871,0.0008521527734167144,6.574621959237344e-07,heat_discrimination
hcp83,5,2,8,heat_raw18,bounded_residual,0.001,1.0,0.15326539149063378,0.023625998809691448,0.0008988040364383929,6.574621959237344e-08,qsf_discrimination
hcp83,5,2,8,heat_norm18,bounded_residual,0.001,1.0,0.15898786866225276,0.0254181176039966,0.0009160448829422496,6.574621959237344e-08,qsf_discrimination
hcp83,5,2,16,qsf,bounded_residual,0.1,1.0,0.13146722465949848,0.017367868215733148,0.0007081038398347418,6.574621959237344e-06,qsf_discrimination
hcp83,5,2,16,heat_raw18,bounded_residual,0.001,1.0,0.14052785452606917,0.019840183752463374,0.0007404384751590983,6.574621959237344e-08,qsf_discrimination
hcp83,5,2,16,heat_norm18,bounded_residual,0.001,1.0,0.14302220781931366,0.020557015286997393,0.0007779068277483131,6.574621959237344e-08,qsf_discrimination
hcp83,5,2,32,qsf,bounded_residual,0.1,4.0,0.12561935759815396,0.015841213551368288,0.0006025271580295312,6.574621959237344e-06,spectral
hcp83,5,2,32,heat_raw18,bounded_residual,0.001,1.0,0.1339060899507504,0.018011019684967797,0.0006908361008733245,6.574621959237344e-08,spectral
hcp83,5,2,32,heat_norm18,bounded_residual,0.001,1.0,0.13622032378163348,0.018650961786422386,0.0007519228337486786,6.574621959237344e-08,spectral
hcp83,5,3,8,qsf,bounded_residual,0.01,1.0,0.11754855171030947,0.013973422317931973,0.0009628835313188027,6.812917291184085e-07,heat_discrimination
hcp83,5,3,8,heat_raw18,bounded_residual,0.001,1.0,0.12932413712176563,0.016851598878275073,0.0008689979039437121,6.812917291184086e-08,heat_discrimination
hcp83,5,3,8,heat_norm18,bounded_residual,0.001,1.0,0.13222143426033323,0.017597190110866665,0.0008262163940541379,6.812917291184086e-08,heat_discrimination
hcp83,5,3,16,qsf,bounded_residual,0.01,1.0,0.10577319052412813,0.01133510277374281,0.0009358435845894726,6.812917291184085e-07,qsf_discrimination
hcp83,5,3,16,heat_raw18,bounded_residual,0.001,1.0,0.11816086766965193,0.014098413822063801,0.0009011341188258005,6.812917291184086e-08,qsf_discrimination
hcp83,5,3,16,heat_norm18,bounded_residual,0.001,1.0,0.11826051590022144,0.014159693382528406,0.0010181208224851513,6.812917291184086e-08,qsf_discrimination
hcp83,5,3,32,qsf,bounded_residual,0.01,4.0,0.09710369178146687,0.00956578172544686,0.000901898684577433,6.812917291184085e-07,heat_discrimination
hcp83,5,3,32,heat_raw18,bounded_residual,0.001,1.0,0.1108332187882361,0.012425021752700192,0.0009161882920790699,6.812917291184086e-08,qsf_discrimination
hcp83,5,3,32,heat_norm18,bounded_residual,0.01,1.0,0.10886144720507933,0.01201476204091821,0.0009878649215242857,6.812917291184085e-07,qsf_discrimination
oasis,1,1,8,qsf,bounded_residual,0.01,1.0,0.0805547450330979,0.006779978569821102,0.0016262383322862668,7.603984487871645e-07,spectral
oasis,1,1,8,heat_raw18,bounded_residual,0.001,4.0,0.09521041925118377,0.009352597893932618,0.0016168824096964391,7.603984487871645e-08,sfh_fixed
oasis,1,1,8,heat_norm18,bounded_residual,0.01,2.0,0.10427380467662921,0.011280782439633447,0.0019253242888445593,7.603984487871645e-07,sfh_fixed
oasis,1,1,16,qsf,bounded_residual,0.1,1.0,0.058879373602842656,0.0036627279727332197,0.001334668283166934,7.603984487871645e-06,qsf_discrimination
oasis,1,1,16,heat_raw18,bounded_residual,0.01,1.0,0.07837011234515963,0.006400979168639095,0.00153476281746533,7.603984487871645e-07,qsf_discrimination
oasis,1,1,16,heat_norm18,bounded_residual,0.01,1.0,0.08360923073578833,0.007338529966074456,0.001778729122011671,7.603984487871645e-07,qsf_discrimination
oasis,1,1,32,qsf,bounded_residual,10.0,4.0,0.045813493689699544,0.0022160190396400777,0.0010319568154457301,0.0007603984487871645,qsf_discrimination
oasis,1,1,32,heat_raw18,bounded_residual,0.01,1.0,0.06603986619230574,0.0046033995296925895,0.0014836552006781965,7.603984487871645e-07,qsf_discrimination
oasis,1,1,32,heat_norm18,bounded_residual,0.01,1.0,0.06823367954892139,0.004876261640717092,0.0014155840938129916,7.603984487871645e-07,qsf_discrimination
oasis,1,2,8,qsf,bounded_residual,0.01,4.0,0.08121209288721183,0.0067711809081209585,0.0012641090178815216,7.403020432336394e-07,sfh_fixed
oasis,1,2,8,heat_raw18,bounded_residual,0.01,1.0,0.09533835154054496,0.009270449423464168,0.0012829233272478558,7.403020432336394e-07,qsf_discrimination
oasis,1,2,8,heat_norm18,bounded_residual,0.01,1.0,0.09833315465184796,0.010097566729568424,0.001972901476101022,7.403020432336394e-07,heat_discrimination
oasis,1,2,16,qsf,bounded_residual,0.01,4.0,0.053047140033018615,0.0029555463861001626,0.0011343693498931714,7.403020432336394e-07,qsf_discrimination
oasis,1,2,16,heat_raw18,bounded_residual,0.01,1.0,0.07069197505732996,0.005149057200260702,0.0011743542239133406,7.403020432336394e-07,qsf_discrimination
oasis,1,2,16,heat_norm18,bounded_residual,0.001,1.0,0.07035831313122615,0.005181054748587218,0.001448392594679759,7.403020432336394e-08,qsf_discrimination
oasis,1,2,32,qsf,bounded_residual,1.0,1.0,0.04212957153895879,0.0019088128996354993,0.001103350688416679,7.403020432336393e-05,qsf_discrimination
oasis,1,2,32,heat_raw18,bounded_residual,0.001,1.0,0.06059294596660595,0.0038371417267102,0.0012271053366586305,7.403020432336394e-08,qsf_discrimination
oasis,1,2,32,heat_norm18,bounded_residual,0.001,1.0,0.06144696533268369,0.003975032601023151,0.0013460482647942586,7.403020432336394e-08,qsf_discrimination
oasis,1,3,8,qsf,bounded_residual,0.01,1.0,0.08431193903430904,0.007340532485840943,0.0014523630341177738,8.048937540244688e-07,heat_discrimination
oasis,1,3,8,heat_raw18,projection,0.001,1.0,0.09885469557304491,0.010009889284481642,0.0014698127513464096,8.048937540244688e-08,heat_discrimination
oasis,1,3,8,heat_norm18,bounded_residual,0.001,1.0,0.10091268650185238,0.010457469126915435,0.0015785460222919054,8.048937540244688e-08,heat_discrimination
oasis,1,3,16,qsf,bounded_residual,0.01,1.0,0.06609272173666558,0.004596152102183044,0.0014393945558739008,8.048937540244688e-07,heat_discrimination
oasis,1,3,16,heat_raw18,bounded_residual,0.01,1.0,0.08378704091808867,0.007229486636872371,0.0013791249236807105,8.048937540244688e-07,heat_discrimination
oasis,1,3,16,heat_norm18,bounded_residual,0.01,1.0,0.08990742809107924,0.008333539853320054,0.0015081422267372207,8.048937540244688e-07,random
oasis,1,3,32,qsf,bounded_residual,0.01,1.0,0.048716441020032086,0.0025621115842026456,0.0013101698659625028,8.048937540244688e-07,qsf_discrimination
oasis,1,3,32,heat_raw18,bounded_residual,0.001,1.0,0.07088754968986823,0.005216012655431122,0.0013176009686947379,8.048937540244688e-08,qsf_discrimination
oasis,1,3,32,heat_norm18,bounded_residual,0.01,1.0,0.06926707026094361,0.005131437603061456,0.001741239319687816,8.048937540244688e-07,heat_discrimination
oasis,2,1,8,qsf,bounded_residual,0.01,4.0,0.08109555058316835,0.0067825465006721855,0.0013686694809358399,7.609191903819814e-07,sfh_fixed
oasis,2,1,8,heat_raw18,bounded_residual,0.001,4.0,0.09348825420235111,0.008944717818585912,0.0013640319403834626,7.609191903819814e-08,sfh_fixed
oasis,2,1,8,heat_norm18,projection,0.01,1.0,0.10184904682421066,0.010543540146786741,0.001244302680900156,7.609191903819814e-07,sfh_fixed
oasis,2,1,16,qsf,bounded_residual,0.1,4.0,0.05902213006042433,0.003601081980338892,0.0010333975010493213,7.609191903819815e-06,heat_discrimination
oasis,2,1,16,heat_raw18,bounded_residual,0.01,1.0,0.07891176265998945,0.006371207712535209,0.0011447168225798454,7.609191903819814e-07,qsf_discrimination
oasis,2,1,16,heat_norm18,bounded_residual,0.001,1.0,0.0825251975114051,0.006944438531926016,0.0011038375523994518,7.609191903819814e-08,qsf_discrimination
oasis,2,1,32,qsf,bounded_residual,1.0,1.0,0.046465072583552626,0.002240294655399212,0.0008596600025824045,7.609191903819814e-05,qsf_discrimination
oasis,2,1,32,heat_raw18,bounded_residual,0.01,1.0,0.06645257448741951,0.004541133722459186,0.0010668094592294023,7.609191903819814e-07,qsf_discrimination
oasis,2,1,32,heat_norm18,bounded_residual,0.01,1.0,0.06808419687457945,0.004740309080726226,0.000976315972836535,7.609191903819814e-07,qsf_discrimination
oasis,2,2,8,qsf,bounded_residual,0.01,4.0,0.0809159804354974,0.00677139321760463,0.0014270036241491647,7.410151908114116e-07,qsf_discrimination
oasis,2,2,8,heat_raw18,bounded_residual,0.01,1.0,0.09758489888319646,0.009631481669059116,0.000993932405857182,7.410151908114116e-07,qsf_discrimination
oasis,2,2,8,heat_norm18,projection,0.001,1.0,0.09839699859595688,0.00986977642993912,0.0013066511576141256,7.410151908114116e-08,sfh_fixed
oasis,2,2,16,qsf,bounded_residual,0.01,1.0,0.053623716193683085,0.0029589980782671363,0.0008712328769490841,7.410151908114116e-07,qsf_discrimination
oasis,2,2,16,heat_raw18,bounded_residual,0.01,1.0,0.07053771058222377,0.005092358587891744,0.0010304013944715338,7.410151908114116e-07,qsf_discrimination
oasis,2,2,16,heat_norm18,bounded_residual,0.001,1.0,0.06973047438929825,0.004971974743883379,0.000998342650809559,7.410151908114116e-08,qsf_discrimination
oasis,2,2,32,qsf,bounded_residual,0.01,4.0,0.04175745865171504,0.0018057102118614555,0.0007509076859602845,7.410151908114116e-07,qsf_discrimination
oasis,2,2,32,heat_raw18,bounded_residual,0.001,1.0,0.060879417263274296,0.0038119687938957623,0.000980099009747593,7.410151908114116e-08,qsf_discrimination
oasis,2,2,32,heat_norm18,bounded_residual,0.001,1.0,0.06205280299751533,0.003956167238256878,0.0009798741960459186,7.410151908114116e-08,qsf_discrimination
oasis,2,3,8,qsf,bounded_residual,0.01,4.0,0.08433054587619444,0.007238569747428702,0.0010741964423857376,8.052826542116283e-07,heat_discrimination
oasis,2,3,8,heat_raw18,bounded_residual,0.001,1.0,0.09801563425612682,0.00972733195399759,0.001045628977161447,8.052826542116283e-08,heat_discrimination
oasis,2,3,8,heat_norm18,bounded_residual,0.001,1.0,0.1007412611495797,0.010239331355935662,0.0009071917604636595,8.052826542116283e-08,heat_discrimination
oasis,2,3,16,qsf,bounded_residual,0.01,4.0,0.06603253205822014,0.0044924626272472845,0.001096139246410761,8.052826542116283e-07,random
oasis,2,3,16,heat_raw18,bounded_residual,0.001,1.0,0.08455852209113503,0.007273158932722552,0.0010575068213215745,8.052826542116283e-08,heat_discrimination
oasis,2,3,16,heat_norm18,projection,0.001,1.0,0.08564072448794487,0.007450471377975419,0.0010275199053827004,8.052826542116283e-08,heat_discrimination
oasis,2,3,32,qsf,bounded_residual,0.01,4.0,0.04707850161507132,0.0023056352450374234,0.0009007569075613918,8.052826542116283e-07,random
oasis,2,3,32,heat_raw18,bounded_residual,0.01,1.0,0.07171732243808863,0.005271009959946292,0.0010771832892803135,8.052826542116283e-07,random
oasis,2,3,32,heat_norm18,bounded_residual,0.001,4.0,0.06745156869461937,0.004673542840078494,0.0010609974754212808,8.052826542116283e-08,random
oasis,3,1,8,qsf,bounded_residual,0.01,1.0,0.0809647762202044,0.006813516306067859,0.0015321444202046944,7.59762953958365e-07,heat_discrimination
oasis,3,1,8,heat_raw18,bounded_residual,0.001,4.0,0.09561902761722312,0.0096079645891054,0.0020559584065524875,7.59762953958365e-08,sfh_fixed
oasis,3,1,8,heat_norm18,projection,0.01,1.0,0.10521322491089417,0.011697167155741107,0.0023881229974238327,7.59762953958365e-07,sfh_fixed
oasis,3,1,16,qsf,bounded_residual,0.1,1.0,0.06112967148818325,0.003921121052718825,0.0012943384286458039,7.59762953958365e-06,random
oasis,3,1,16,heat_raw18,bounded_residual,0.01,1.0,0.07986812820774244,0.006698141675279501,0.0017035358199161618,7.59762953958365e-07,qsf_discrimination
oasis,3,1,16,heat_norm18,projection,0.01,1.0,0.08532767770348065,0.007906737675747991,0.002385419904867005,7.59762953958365e-07,qsf_discrimination
oasis,3,1,32,qsf,bounded_residual,10.0,1.0,0.04706054641128012,0.002299781100992768,0.0008794940304956234,0.000759762953958365,qsf_discrimination
oasis,3,1,32,heat_raw18,bounded_residual,0.01,1.0,0.06730300625590682,0.004770186159646107,0.0014786096312029483,7.59762953958365e-07,qsf_discrimination
oasis,3,1,32,heat_norm18,bounded_residual,0.1,1.0,0.06995025533772616,0.005087799223129939,0.0013306218686861885,7.59762953958365e-06,qsf_discrimination
oasis,3,2,8,qsf,bounded_residual,0.01,1.0,0.07916405721882641,0.006665139058477032,0.0019026085039693425,7.400828892835998e-07,heat_discrimination
oasis,3,2,8,heat_raw18,bounded_residual,0.01,1.0,0.09278660607625068,0.00891938345823828,0.0016788231567731592,7.400828892835998e-07,heat_discrimination
oasis,3,2,8,heat_norm18,bounded_residual,0.01,1.0,0.09254547716678033,0.008827480487638753,0.0015457129676263036,7.400828892835998e-07,heat_discrimination
oasis,3,2,16,qsf,bounded_residual,0.01,1.0,0.05369728892341672,0.0031052101271251886,0.0014200233333559742,7.400828892835998e-07,qsf_discrimination
oasis,3,2,16,heat_raw18,bounded_residual,0.01,1.0,0.07067637284471882,0.005238051354003059,0.0014860003533504777,7.400828892835998e-07,qsf_discrimination
oasis,3,2,16,heat_norm18,bounded_residual,0.01,1.0,0.07195085383157737,0.005429433449691305,0.0015151000044950293,7.400828892835998e-07,qsf_discrimination
oasis,3,2,32,qsf,bounded_residual,0.1,4.0,0.042161271123780895,0.0019542464237220546,0.001267329479112724,7.400828892835998e-06,qsf_discrimination
oasis,3,2,32,heat_raw18,bounded_residual,0.01,1.0,0.06167793757215637,0.004040125358283748,0.0014646047407497484,7.400828892835998e-07,qsf_discrimination
oasis,3,2,32,heat_norm18,bounded_residual,0.01,1.0,0.06272953001923047,0.004368719037497899,0.001985687655252322,7.400828892835998e-07,qsf_discrimination
oasis,3,3,8,qsf,bounded_residual,0.01,4.0,0.08390789409029129,0.007466562492608391,0.001967988825589253,8.034064433196754e-07,heat_discrimination
oasis,3,3,8,heat_raw18,bounded_residual,0.001,1.0,0.10197494062910917,0.010773357755442855,0.0018450652590885732,8.034064433196755e-08,heat_discrimination
oasis,3,3,8,heat_norm18,projection,0.01,1.0,0.11104179685868507,0.012833279864102553,0.0021383919499922267,8.034064433196754e-07,heat_discrimination
oasis,3,3,16,qsf,bounded_residual,1.0,4.0,0.06923500315346805,0.004972801606813448,0.0012767713013432747,8.034064433196755e-05,random
oasis,3,3,16,heat_raw18,bounded_residual,0.001,1.0,0.08966724073965125,0.008341814823634813,0.00165584573768826,8.034064433196755e-08,random
oasis,3,3,16,heat_norm18,bounded_residual,0.01,1.0,0.08863315314024597,0.008207449329608383,0.0017878720058572537,8.034064433196754e-07,random
oasis,3,3,32,qsf,bounded_residual,0.1,1.0,0.0489987680784769,0.002505067259415644,0.0009732232585461856,8.034064433196756e-06,qsf_discrimination
oasis,3,3,32,heat_raw18,bounded_residual,0.01,4.0,0.07264743325203292,0.005654335445880341,0.0018505180792311939,8.034064433196754e-07,graph_coverage
oasis,3,3,32,heat_norm18,projection,0.01,1.0,0.07135177595251621,0.005532165967820859,0.002002475822672777,8.034064433196754e-07,heat_discrimination
oasis,4,1,8,qsf,bounded_residual,0.01,1.0,0.08160411805595295,0.006940278441650501,0.0015984263794591497,7.602250266078759e-07,heat_discrimination
oasis,4,1,8,heat_raw18,bounded_residual,0.01,2.0,0.09971873489972048,0.010282561458930936,0.0017548254741768634,7.602250266078759e-07,random
oasis,4,1,8,heat_norm18,bounded_residual,0.001,4.0,0.10287517065542304,0.010846569864814117,0.0015470474148921779,7.602250266078759e-08,sfh_fixed
oasis,4,1,16,qsf,bounded_residual,0.1,1.0,0.06158729335936237,0.00397555064648572,0.0012882544326390656,7.6022502660787595e-06,heat_discrimination
oasis,4,1,16,heat_raw18,bounded_residual,0.1,1.0,0.08352939119935368,0.007355119919254748,0.0018536468358348968,7.6022502660787595e-06,qsf_discrimination
oasis,4,1,16,heat_norm18,bounded_residual,0.01,1.0,0.08591787997342896,0.007788563917512637,0.0019227863739519685,7.602250266078759e-07,qsf_discrimination
oasis,4,1,32,qsf,bounded_residual,1.0,1.0,0.047009398024181005,0.0023077876588096335,0.0009434181383466511,7.60225026607876e-05,qsf_discrimination
oasis,4,1,32,heat_raw18,bounded_residual,0.01,1.0,0.06849377029991112,0.004894226077815748,0.0013579044949639419,7.602250266078759e-07,qsf_discrimination
oasis,4,1,32,heat_norm18,bounded_residual,0.1,1.0,0.07098159713954298,0.005188317096671788,0.001167475770398415,7.6022502660787595e-06,qsf_discrimination
oasis,4,2,8,qsf,bounded_residual,0.01,4.0,0.07941056816395364,0.006581165825954767,0.001581505295116133,7.402472425790214e-07,sfh_fixed
oasis,4,2,8,heat_raw18,bounded_residual,0.01,1.0,0.09447547580864232,0.00926419092323395,0.0017544110484577938,7.402472425790214e-07,heat_discrimination
oasis,4,2,8,heat_norm18,bounded_residual,0.01,1.0,0.09456496871807736,0.009193929121748563,0.0015117593997410975,7.402472425790214e-07,heat_discrimination
oasis,4,2,16,qsf,bounded_residual,0.01,1.0,0.05493407905302196,0.0031592713369948356,0.0011342530405159688,7.402472425790214e-07,qsf_discrimination
oasis,4,2,16,heat_raw18,bounded_residual,0.01,1.0,0.07203813985343652,0.005395732416871265,0.0013692692919549422,7.402472425790214e-07,qsf_discrimination
oasis,4,2,16,heat_norm18,bounded_residual,0.01,1.0,0.07462131044207956,0.005807158904233319,0.0014734589241895018,7.402472425790214e-07,qsf_discrimination
oasis,4,2,32,qsf,bounded_residual,0.1,1.0,0.04372633521882613,0.0020100823283691473,0.0009443128174882855,7.402472425790214e-06,qsf_discrimination
oasis,4,2,32,heat_raw18,bounded_residual,0.001,1.0,0.06231104760375723,0.00405716586703995,0.001259506445767366,7.402472425790214e-08,qsf_discrimination
oasis,4,2,32,heat_norm18,bounded_residual,0.001,1.0,0.06382238447252576,0.00427184619789149,0.0013435009832949388,7.402472425790214e-08,qsf_discrimination
oasis,4,3,8,qsf,bounded_residual,0.01,4.0,0.08551887933681948,0.0075316991628673405,0.0014084822257950014,8.041170794467675e-07,heat_discrimination
oasis,4,3,8,heat_raw18,bounded_residual,0.001,1.0,0.09923118409406086,0.010120927856385744,0.0015785492755183551,8.041170794467675e-08,heat_discrimination
oasis,4,3,8,heat_norm18,projection,0.01,1.0,0.10424430181450253,0.011103298212679432,0.0014660514436166065,8.041170794467675e-07,heat_discrimination
oasis,4,3,16,qsf,bounded_residual,0.01,1.0,0.06637059783587493,0.00455232112791434,0.001157052960298442,8.041170794467675e-07,random
oasis,4,3,16,heat_raw18,bounded_residual,0.01,1.0,0.08568044128011476,0.007651940085540822,0.0016809144361589496,8.041170794467675e-07,heat_discrimination
oasis,4,3,16,heat_norm18,projection,0.01,1.0,0.08684931287899203,0.007731916222115264,0.0013111863974078553,8.041170794467675e-07,random
oasis,4,3,32,qsf,bounded_residual,0.1,1.0,0.050499673364834116,0.0026540325762325337,0.000971482308254186,8.041170794467675e-06,heat_discrimination
oasis,4,3,32,heat_raw18,bounded_residual,0.01,1.0,0.07506092141925466,0.005865238271859567,0.0014494398527834058,8.041170794467675e-07,qsf_discrimination
oasis,4,3,32,heat_norm18,bounded_residual,0.01,1.0,0.07154758685857447,0.005315580717933771,0.001336629181759812,8.041170794467675e-07,heat_discrimination
oasis,5,1,8,qsf,bounded_residual,0.01,4.0,0.07642358962168803,0.006046665329900129,0.0013688093008688187,7.605719501064801e-07,random
oasis,5,1,8,heat_raw18,bounded_residual,0.001,2.0,0.09660318678504258,0.00956701993327202,0.0014611459893652333,7.605719501064801e-08,random
oasis,5,1,8,heat_norm18,bounded_residual,0.01,1.0,0.1043889836668342,0.011069205749729746,0.0012509844804471796,7.605719501064801e-07,random
oasis,5,1,16,qsf,bounded_residual,0.01,1.0,0.05894811731500977,0.0036150595176609153,0.0011288730610527259,7.605719501064801e-07,qsf_discrimination
oasis,5,1,16,heat_raw18,bounded_residual,0.01,1.0,0.07822518303355283,0.006284801702243764,0.0012270527943406928,7.605719501064801e-07,qsf_discrimination
oasis,5,1,16,heat_norm18,bounded_residual,0.001,1.0,0.08098165289977709,0.0067458962385226464,0.0013068634627947716,7.605719501064801e-08,qsf_discrimination
oasis,5,1,32,qsf,bounded_residual,0.1,4.0,0.044703943731565936,0.0020677374014206043,0.0007936957068938511,7.605719501064801e-06,qsf_discrimination
oasis,5,1,32,heat_raw18,bounded_residual,0.001,1.0,0.06386400367704094,0.004174137390450947,0.0009318916479634821,7.605719501064801e-08,qsf_discrimination
oasis,5,1,32,heat_norm18,projection,0.001,1.0,0.06703074288986728,0.004642279141412319,0.001164468856856771,7.605719501064801e-08,qsf_discrimination
oasis,5,2,8,qsf,bounded_residual,0.01,4.0,0.07787170453835285,0.00621497329792775,0.0011715216609149688,7.406858751203614e-07,heat_discrimination
oasis,5,2,8,heat_raw18,bounded_residual,0.001,1.0,0.08983483953741715,0.00820535688947557,0.001108063399737169,7.406858751203615e-08,heat_discrimination
oasis,5,2,8,heat_norm18,bounded_residual,0.001,1.0,0.09095783185062892,0.008409146856127182,0.0011111815217060153,7.406858751203615e-08,heat_discrimination
oasis,5,2,16,qsf,bounded_residual,0.01,4.0,0.05289421308746709,0.0028893179556548267,0.000912141224673879,7.406858751203614e-07,qsf_discrimination
oasis,5,2,16,heat_raw18,bounded_residual,0.001,1.0,0.06779011177219388,0.00470844494171909,0.0010133010305322541,7.406858751203615e-08,qsf_discrimination
oasis,5,2,16,heat_norm18,bounded_residual,0.01,1.0,0.07101190348469978,0.00520956053925459,0.0012316659181563646,7.406858751203614e-07,qsf_discrimination
oasis,5,2,32,qsf,bounded_residual,0.01,4.0,0.040871922833150824,0.0017552986048314542,0.0008779341907021238,7.406858751203614e-07,qsf_discrimination
oasis,5,2,32,heat_raw18,bounded_residual,0.001,1.0,0.05866286898559162,0.0035654455701439754,0.0010622162616790152,7.406858751203615e-08,qsf_discrimination
oasis,5,2,32,heat_norm18,bounded_residual,0.001,1.0,0.059507396136709016,0.0037094916381844784,0.0012371574575073515,7.406858751203615e-08,qsf_discrimination
oasis,5,3,8,qsf,bounded_residual,0.01,4.0,0.08354426689822483,0.007134695758550368,0.001187247492727085,8.048289738430583e-07,heat_discrimination
oasis,5,3,8,heat_raw18,bounded_residual,0.001,4.0,0.0975194851148468,0.009640428522975811,0.0010886962424302268,8.048289738430584e-08,heat_discrimination
oasis,5,3,8,heat_norm18,projection,0.001,4.0,0.10147534541509899,0.010451266036834992,0.0011832939760813344,8.048289738430584e-08,heat_discrimination
oasis,5,3,16,qsf,bounded_residual,0.01,4.0,0.06509443918411364,0.00434142698842181,0.0009730036705879547,8.048289738430583e-07,qsf_discrimination
oasis,5,3,16,heat_raw18,bounded_residual,0.001,4.0,0.08344272752892493,0.007089804862394088,0.0010749887311362124,8.048289738430584e-08,qsf_discrimination
oasis,5,3,16,heat_norm18,bounded_residual,0.01,4.0,0.08599520475061938,0.00753069478902401,0.001109953106802519,8.048289738430583e-07,qsf_discrimination
oasis,5,3,32,qsf,bounded_residual,0.01,1.0,0.048439673773191014,0.0024335792771707702,0.0008902363420493821,8.048289738430583e-07,sfh_fixed
oasis,5,3,32,heat_raw18,bounded_residual,0.001,4.0,0.07084969376140521,0.005140882328272484,0.0010496892275490683,8.048289738430584e-08,sfh_fixed
oasis,5,3,32,heat_norm18,projection,0.001,1.0,0.06898546198268529,0.004870354525080235,0.0010061653583406129,8.048289738430584e-08,heat_discrimination
