cohort,source_count,encoder,track,equal_participant_nrmse,equal_participant_nmse,row_mean_nrmse,p95,p99,maximum,rows_above_one,participants,records
hcp83,8,heat_norm18,atlas_random_aligned,0.025726952173234157,0.0006924331062950513,0.02573558473581795,0.035059068691706996,0.042508793553425114,0.0945025532909163,0,729,3189
hcp83,8,heat_norm18,atlas_random_mean,0.05889845037879193,0.004355431050372233,0.05875119086030096,0.10324576092205735,0.2021245301122094,0.2813853313317889,0,729,3189
hcp83,8,heat_norm18,atlas_selected_aligned,0.0256071688424837,0.0006821494003544914,0.025612192550957286,0.03422867589467754,0.04093596926661521,0.0801543123773862,0,729,3189
hcp83,8,heat_norm18,atlas_selected_mean,0.05889845037879193,0.004355431050372233,0.05875119086030096,0.10324576092205735,0.2021245301122094,0.2813853313317889,0,729,3189
hcp83,8,heat_norm18,floor_random_robust,0.15166089268732488,0.0235629503018725,0.15179763154587644,0.19069750866593227,0.20970021350051601,0.2743414811857758,0,729,3189
hcp83,8,heat_norm18,ordinary_selected,0.14241102655662952,0.02063058784537076,0.14249501987950852,0.17412679851654575,0.19930583252180176,0.2455066097765004,0,729,3189
hcp83,8,heat_norm18,random_bounded_residual,0.1533580695362515,0.02405917043794742,0.15349005485828396,0.1921540884104766,0.20981940391837817,0.3085528050652203,0,729,3189
hcp83,8,heat_norm18,random_ordinary,0.15607202130409262,0.02495019454279752,0.15617132625477054,0.19601944710457198,0.21651724073628584,0.3985537342915873,0,729,3189
hcp83,8,heat_norm18,random_projection,0.1551184407142685,0.024614308166796856,0.15522163870966893,0.1949082732233452,0.21369756431603038,0.2780402255124449,0,729,3189
hcp83,8,heat_norm18,random_robust,0.1533580695362515,0.02405917043794742,0.15349005485828396,0.1921540884104766,0.20981940391837817,0.3085528050652203,0,729,3189
hcp83,8,heat_norm18,selected_bounded_residual,0.14090186299070007,0.020192306534490025,0.14104504964699885,0.17226564428951502,0.19465474482938994,0.2405089146686303,0,729,3189
hcp83,8,heat_norm18,selected_projection,0.14228645349292346,0.02059884303404267,0.14241578492933646,0.17416541295023297,0.19764100185831324,0.2455066097765004,0,729,3189
hcp83,8,heat_norm18,selected_robust,0.14090186299070007,0.020192306534490025,0.14104504964699885,0.17226564428951502,0.19465474482938994,0.2405089146686303,0,729,3189
hcp83,8,heat_norm18,selected_sources_ordinary,0.142585284134273,0.02068945995009412,0.14272647569174246,0.17494374608410784,0.19934202165839113,0.2455066097765004,0,729,3189
hcp83,8,heat_norm18,spatial_robust,0.14465288823226427,0.02132168933976498,0.14471023438789055,0.1788434013393035,0.19565960407454194,0.2164101366031531,0,729,3189
hcp83,8,heat_norm18,template_random_bounded_residual,0.03741915950446762,0.0016297817630628445,0.03726264902349105,0.06586905911578392,0.09248702679007707,0.1557832124043776,0,729,3189
hcp83,8,heat_norm18,template_random_projection,0.03923546598912719,0.0017856601956675062,0.03902006021750775,0.06832158071023035,0.09556397001431778,0.1545927933155236,0,729,3189
hcp83,8,heat_norm18,template_random_robust,0.03741915950446762,0.0016297817630628445,0.03726264902349105,0.06586905911578392,0.09248702679007707,0.1557832124043776,0,729,3189
hcp83,8,heat_norm18,template_selected_bounded_residual,0.035973175141005946,0.0014828753630040216,0.03584045139036025,0.061282270652868204,0.08713497208895556,0.1370393121373352,0,729,3189
hcp83,8,heat_norm18,template_selected_projection,0.037593116419881646,0.00161786764537291,0.03739139629426538,0.06374913862227617,0.09022041461760905,0.1376245532467956,0,729,3189
hcp83,8,heat_norm18,template_selected_robust,0.035973175141005946,0.0014828753630040216,0.03584045139036025,0.061282270652868204,0.08713497208895556,0.1370393121373352,0,729,3189
hcp83,8,heat_raw18,atlas_random_aligned,0.025726952173234157,0.0006924331062950513,0.02573558473581795,0.035059068691706996,0.042508793553425114,0.0945025532909163,0,729,3189
hcp83,8,heat_raw18,atlas_random_mean,0.05889845037879193,0.004355431050372233,0.05875119086030096,0.10324576092205735,0.2021245301122094,0.2813853313317889,0,729,3189
hcp83,8,heat_raw18,atlas_selected_aligned,0.02499731557237991,0.000647209332069269,0.02504769770845729,0.0330717999323614,0.037372997049948384,0.0786222368972213,0,729,3189
hcp83,8,heat_raw18,atlas_selected_mean,0.05889845037879193,0.004355431050372233,0.05875119086030096,0.10324576092205735,0.2021245301122094,0.2813853313317889,0,729,3189
hcp83,8,heat_raw18,floor_random_robust,0.14765757560397164,0.02220806170683374,0.14776548801263334,0.18062868692454936,0.19863973991413114,0.2713402064896317,0,729,3189
hcp83,8,heat_raw18,ordinary_selected,0.1399105210631333,0.019916117805562714,0.14003598566657405,0.1726729966658329,0.1948238362770832,0.2273388509989806,0,729,3189
hcp83,8,heat_raw18,random_bounded_residual,0.14748949813572362,0.022149792497074095,0.14758529011069402,0.18029729810364498,0.19854272356672817,0.2772152102739302,0,729,3189
hcp83,8,heat_raw18,random_ordinary,0.15066759373782543,0.023141525829377698,0.15076454265160166,0.18551415090758686,0.20581598335332843,0.3324310942837584,0,729,3189
hcp83,8,heat_raw18,random_projection,0.15046025719300554,0.02306499088992645,0.15053207586004844,0.1844655027992206,0.20507772212088246,0.27137788560588,0,729,3189
hcp83,8,heat_raw18,random_robust,0.14748949813572362,0.022149792497074095,0.14758529011069402,0.18029729810364498,0.19854272356672817,0.2772152102739302,0,729,3189
hcp83,8,heat_raw18,selected_bounded_residual,0.13730581805857897,0.019163935838468815,0.13749444468976474,0.16812735107792745,0.18676457756105944,0.2185486333202282,0,729,3189
hcp83,8,heat_raw18,selected_projection,0.14003964741243874,0.019933394037358144,0.14021991718035695,0.17166821490653517,0.19258559510053366,0.2273388509989806,0,729,3189
hcp83,8,heat_raw18,selected_robust,0.13730581805857897,0.019163935838468815,0.13749444468976474,0.16812735107792745,0.18676457756105944,0.2185486333202282,0,729,3189
hcp83,8,heat_raw18,selected_sources_ordinary,0.14036835818197224,0.02003238067258872,0.14056087113510285,0.17250059044391997,0.19312985863061247,0.2273388509989806,0,729,3189
hcp83,8,heat_raw18,spatial_robust,0.14214972686037705,0.020566225088455813,0.14220111542154096,0.17497847021265983,0.19102622445878878,0.2156662746461802,0,729,3189
hcp83,8,heat_raw18,template_random_bounded_residual,0.037858711976545924,0.001652417742747841,0.03772117075775326,0.06543699045205913,0.09126890328441677,0.1549417870167735,0,729,3189
hcp83,8,heat_raw18,template_random_projection,0.039633669024682294,0.0018075358676171661,0.03944034829356819,0.06827267382948997,0.09428613680073199,0.1539834775069934,0,729,3189
hcp83,8,heat_raw18,template_random_robust,0.037858711976545924,0.001652417742747841,0.03772117075775326,0.06543699045205913,0.09126890328441677,0.1549417870167735,0,729,3189
hcp83,8,heat_raw18,template_selected_bounded_residual,0.03578751152675993,0.001434623580569894,0.035672260897904914,0.05842018187341591,0.08202325513964259,0.1296135806916563,0,729,3189
hcp83,8,heat_raw18,template_selected_projection,0.03723048060793654,0.0015650931279718252,0.03707783584559902,0.061749040210269994,0.08833801509470039,0.1376592787054354,0,729,3189
hcp83,8,heat_raw18,template_selected_robust,0.03578751152675993,0.001434623580569894,0.035672260897904914,0.05842018187341591,0.08202325513964259,0.1296135806916563,0,729,3189
hcp83,8,qsf,atlas_random_aligned,0.025726952173234157,0.0006924331062950513,0.02573558473581795,0.035059068691706996,0.042508793553425114,0.0945025532909163,0,729,3189
hcp83,8,qsf,atlas_random_mean,0.05889845037879193,0.004355431050372233,0.05875119086030096,0.10324576092205735,0.2021245301122094,0.2813853313317889,0,729,3189
hcp83,8,qsf,atlas_selected_aligned,0.025728423766568493,0.0006888740049050915,0.025742136265848755,0.03453118556929256,0.04120437881846999,0.0777981725986299,0,729,3189
hcp83,8,qsf,atlas_selected_mean,0.05889845037879193,0.004355431050372233,0.05875119086030096,0.10324576092205735,0.2021245301122094,0.2813853313317889,0,729,3189
hcp83,8,qsf,floor_random_robust,0.13900366748626355,0.019851572211605988,0.13909925842201942,0.1752741754269937,0.20039835649106083,0.3010495707052339,0,729,3189
hcp83,8,qsf,ordinary_selected,0.12439771153509949,0.015922123442316517,0.12447002612253559,0.16055838314783163,0.18510785640334518,0.2116324624287351,0,729,3189
hcp83,8,qsf,random_bounded_residual,0.13341135984325134,0.01835820353290958,0.133421141645929,0.17143742938185236,0.19350856935013516,0.2390168553203153,0,729,3189
hcp83,8,qsf,random_ordinary,0.13595092611797877,0.019091986037579927,0.13596693834807602,0.1764680341721979,0.2018654528107558,0.2562848721267452,0,729,3189
hcp83,8,qsf,random_projection,0.13591839724184326,0.019081148609448973,0.13593590007220793,0.1763640950170254,0.2018654528107558,0.2561778450961945,0,729,3189
hcp83,8,qsf,random_robust,0.13348052192966195,0.018377222713405576,0.13349052259054775,0.17165891029288324,0.19451204300799724,0.2390168553203153,0,729,3189
hcp83,8,qsf,selected_bounded_residual,0.12277589785019447,0.015488892876355962,0.1228189473659398,0.1574905526528484,0.1785971512189897,0.2070859936022621,0,729,3189
hcp83,8,qsf,selected_projection,0.12428782350376988,0.01589073303935875,0.12435720395199863,0.1603396746848977,0.1849976894065781,0.2116324624287351,0,729,3189
hcp83,8,qsf,selected_robust,0.12277589785019447,0.015488892876355962,0.1228189473659398,0.1574905526528484,0.1785971512189897,0.2070859936022621,0,729,3189
hcp83,8,qsf,selected_sources_ordinary,0.12439771153509949,0.015922123442316517,0.12447002612253559,0.16055838314783163,0.18510785640334518,0.2116324624287351,0,729,3189
hcp83,8,qsf,spatial_robust,0.12766380633625085,0.016724576381683228,0.12767710776426328,0.16230747575111026,0.18037107372323374,0.2171464260471681,0,729,3189
hcp83,8,qsf,template_random_bounded_residual,0.03707935259192466,0.0015912656263731158,0.03694016850221132,0.0646883246623248,0.09103295173336327,0.1645343028328683,0,729,3189
hcp83,8,qsf,template_random_projection,0.03892536440424028,0.0017471656078643111,0.038727038392525594,0.06680905812346309,0.09377354502260346,0.1636239083607567,0,729,3189
hcp83,8,qsf,template_random_robust,0.03707935259192466,0.0015912656263731158,0.03694016850221132,0.0646883246623248,0.09103295173336327,0.1645343028328683,0,729,3189
hcp83,8,qsf,template_selected_bounded_residual,0.03501760920028536,0.0013848746584481108,0.03491279145284284,0.05855213408324271,0.08027507968822695,0.129626522652922,0,729,3189
hcp83,8,qsf,template_selected_projection,0.0364742362060256,0.0015027709590022611,0.036317074214118034,0.060702086460502055,0.0818036804835231,0.1296988240818891,0,729,3189
hcp83,8,qsf,template_selected_robust,0.03501760920028536,0.0013848746584481108,0.03491279145284284,0.05855213408324271,0.08027507968822695,0.129626522652922,0,729,3189
hcp83,16,heat_norm18,atlas_random_aligned,0.023830864050944808,0.0005907536217509089,0.02384236581795856,0.03198149402663992,0.03784918061277983,0.0815543001034795,0,729,3189
hcp83,16,heat_norm18,atlas_random_mean,0.05889845037879193,0.004355431050372233,0.05875119086030096,0.10324576092205735,0.2021245301122094,0.2813853313317889,0,729,3189
hcp83,16,heat_norm18,atlas_selected_aligned,0.02328074564200292,0.0005606654366501715,0.023300310754374897,0.030198965465893898,0.03500290014459466,0.0790771062744095,0,729,3189
hcp83,16,heat_norm18,atlas_selected_mean,0.05889845037879193,0.004355431050372233,0.05875119086030096,0.10324576092205735,0.2021245301122094,0.2813853313317889,0,729,3189
hcp83,16,heat_norm18,floor_random_robust,0.1351554210911569,0.018796900652908337,0.13525837705142488,0.17355181659435093,0.1913315391069315,0.2599309225819963,0,729,3189
hcp83,16,heat_norm18,ordinary_selected,0.12631822463660078,0.01638837877948136,0.1264808733796911,0.16063311753242596,0.17640525738293447,0.2267931939539396,0,729,3189
hcp83,16,heat_norm18,random_bounded_residual,0.1374211855587716,0.01939565626287651,0.1375176901968092,0.17546967679913916,0.1926986082912967,0.254365496269596,0,729,3189
hcp83,16,heat_norm18,random_ordinary,0.140021472512562,0.020175331379248887,0.14010895479747637,0.17932181059534633,0.1985716714035094,0.3336176919152867,0,729,3189
hcp83,16,heat_norm18,random_projection,0.13920644438886953,0.019903124769213985,0.13928544949293975,0.17761893202355444,0.19493882882416858,0.2659826502677137,0,729,3189
hcp83,16,heat_norm18,random_robust,0.1374211855587716,0.01939565626287651,0.1375176901968092,0.17546967679913916,0.1926986082912967,0.254365496269596,0,729,3189
hcp83,16,heat_norm18,selected_bounded_residual,0.12374139233195157,0.015714489243784303,0.12388024492973483,0.15593624636353332,0.16862013809203819,0.2009983606581208,0,729,3189
hcp83,16,heat_norm18,selected_projection,0.1256176660274991,0.016197193398876212,0.12576093286235437,0.15920202800793337,0.1730119685706096,0.2065941908244723,0,729,3189
hcp83,16,heat_norm18,selected_robust,0.12374139233195157,0.015714489243784303,0.12388024492973483,0.15593624636353332,0.16862013809203819,0.2009983606581208,0,729,3189
hcp83,16,heat_norm18,selected_sources_ordinary,0.12639736527468848,0.016411298373139007,0.12656782368035732,0.16098584789741185,0.1751943899746451,0.2267931939539396,0,729,3189
hcp83,16,heat_norm18,spatial_robust,0.12714624994615853,0.016475673836786345,0.12736197564105778,0.15672902680201312,0.16735449312491285,0.2330912271251322,0,729,3189
hcp83,16,heat_norm18,template_random_bounded_residual,0.035269520424993504,0.0014483856725215425,0.035123994040145594,0.06316050639765323,0.0869448523049796,0.141367331365639,0,729,3189
hcp83,16,heat_norm18,template_random_projection,0.03720857269163369,0.0016063711049975962,0.037005825813050716,0.06581392195652666,0.09010293383937108,0.1430912329878984,0,729,3189
hcp83,16,heat_norm18,template_random_robust,0.035269520424993504,0.0014483856725215425,0.035123994040145594,0.06316050639765323,0.0869448523049796,0.141367331365639,0,729,3189
hcp83,16,heat_norm18,template_selected_bounded_residual,0.03180255657209866,0.0011419917205451723,0.03169282811063343,0.05350016320457521,0.07486715688691092,0.127405099385351,0,729,3189
hcp83,16,heat_norm18,template_selected_projection,0.0333776172378918,0.001261390837244372,0.033206028970407975,0.05582671964541761,0.07762849172016184,0.1324172569073662,0,729,3189
hcp83,16,heat_norm18,template_selected_robust,0.03180255657209866,0.0011419917205451723,0.03169282811063343,0.05350016320457521,0.07486715688691092,0.127405099385351,0,729,3189
hcp83,16,heat_raw18,atlas_random_aligned,0.023830864050944808,0.0005907536217509089,0.02384236581795856,0.03198149402663992,0.03784918061277983,0.0815543001034795,0,729,3189
hcp83,16,heat_raw18,atlas_random_mean,0.05889845037879193,0.004355431050372233,0.05875119086030096,0.10324576092205735,0.2021245301122094,0.2813853313317889,0,729,3189
hcp83,16,heat_raw18,atlas_selected_aligned,0.023263836724334967,0.0005595746505235123,0.02327120342110327,0.030157218698214618,0.03487856393802862,0.0790771062744095,0,729,3189
hcp83,16,heat_raw18,atlas_selected_mean,0.05889845037879193,0.004355431050372233,0.05875119086030096,0.10324576092205735,0.2021245301122094,0.2813853313317889,0,729,3189
hcp83,16,heat_raw18,floor_random_robust,0.1356167341136182,0.018766806040026365,0.13568640290047868,0.1684962398575612,0.18204360731733782,0.2299775202765743,0,729,3189
hcp83,16,heat_raw18,ordinary_selected,0.127244036455489,0.016562958056080608,0.12735771213806943,0.15838042282147968,0.17518035662806955,0.287221167070828,0,729,3189
hcp83,16,heat_raw18,random_bounded_residual,0.1346045522424176,0.018528240273574276,0.13464464951173952,0.16815617377393743,0.18569081491435627,0.2376884287225366,0,729,3189
hcp83,16,heat_raw18,random_ordinary,0.13818343019361531,0.019537329168104065,0.13821728113898052,0.17346847571460483,0.19229136772321515,0.2718794939010002,0,729,3189
hcp83,16,heat_raw18,random_projection,0.1376717840429431,0.019379928090612626,0.13771390287208166,0.1729628459356755,0.19076432019519557,0.2586001170612598,0,729,3189
hcp83,16,heat_raw18,random_robust,0.1346045522424176,0.018528240273574276,0.13464464951173952,0.16815617377393743,0.18569081491435627,0.2376884287225366,0,729,3189
hcp83,16,heat_raw18,selected_bounded_residual,0.12431949442225869,0.015795239123708078,0.12443741218972337,0.1544171698877521,0.16831798949769036,0.2048490811289694,0,729,3189
hcp83,16,heat_raw18,selected_projection,0.12700343543366638,0.016482471564784967,0.12709554848141086,0.1570290334248904,0.1725115848717987,0.207711940646181,0,729,3189
hcp83,16,heat_raw18,selected_robust,0.12431949442225869,0.015795239123708078,0.12443741218972337,0.1544171698877521,0.16831798949769036,0.2048490811289694,0,729,3189
hcp83,16,heat_raw18,selected_sources_ordinary,0.127244036455489,0.016562958056080608,0.12735771213806943,0.15838042282147968,0.17518035662806955,0.287221167070828,0,729,3189
hcp83,16,heat_raw18,spatial_robust,0.1270149367037473,0.01640856579557142,0.1271750484448728,0.15475726949489318,0.16804425081052757,0.2098186942657187,0,729,3189
hcp83,16,heat_raw18,template_random_bounded_residual,0.03467262283035047,0.0013951721128513713,0.034535550295956126,0.061952301497101674,0.08537898502889538,0.1393696250714743,0,729,3189
hcp83,16,heat_raw18,template_random_projection,0.036533966825478034,0.0015456982199834948,0.036340403836012565,0.06447613534391576,0.08933399949025328,0.1408435187356967,0,729,3189
hcp83,16,heat_raw18,template_random_robust,0.03467262283035047,0.0013951721128513713,0.034535550295956126,0.061952301497101674,0.08537898502889538,0.1393696250714743,0,729,3189
hcp83,16,heat_raw18,template_selected_bounded_residual,0.03102353347522216,0.0010816139160085142,0.030913667373663932,0.051111800933102136,0.07188198320110106,0.1199976893930166,0,729,3189
hcp83,16,heat_raw18,template_selected_projection,0.03264830346435404,0.001202778446689612,0.032485706033908116,0.0537878708242801,0.07412760277284054,0.1265828440791675,0,729,3189
hcp83,16,heat_raw18,template_selected_robust,0.03102353347522216,0.0010816139160085142,0.030913667373663932,0.051111800933102136,0.07188198320110106,0.1199976893930166,0,729,3189
hcp83,16,qsf,atlas_random_aligned,0.023830864050944808,0.0005907536217509089,0.02384236581795856,0.03198149402663992,0.03784918061277983,0.0815543001034795,0,729,3189
hcp83,16,qsf,atlas_random_mean,0.05889845037879193,0.004355431050372233,0.05875119086030096,0.10324576092205735,0.2021245301122094,0.2813853313317889,0,729,3189
hcp83,16,qsf,atlas_selected_aligned,0.023414215682010946,0.0005669772792314811,0.02341320510054078,0.03046401845679218,0.03554967232043899,0.0752253313395684,0,729,3189
hcp83,16,qsf,atlas_selected_mean,0.05889845037879193,0.004355431050372233,0.05875119086030096,0.10324576092205735,0.2021245301122094,0.2813853313317889,0,729,3189
hcp83,16,qsf,floor_random_robust,0.123985174523564,0.015922421129542612,0.12400819965144408,0.16065380472159776,0.17774773475649017,0.3129285371695482,0,729,3189
hcp83,16,qsf,ordinary_selected,0.11205443421934638,0.013048736797069789,0.11214347997457572,0.14843646901732468,0.16354185652351852,0.193362038183982,0,729,3189
hcp83,16,qsf,random_bounded_residual,0.11838168675399748,0.014574230533546173,0.11839456255423329,0.15690988879489473,0.17315360799130664,0.2157087414870395,0,729,3189
hcp83,16,qsf,random_ordinary,0.12160558809973104,0.015378660758303533,0.12164953475320607,0.1622070548408624,0.18177906626762208,0.2274533179963921,0,729,3189
hcp83,16,qsf,random_projection,0.12141970371768682,0.015326610161169527,0.12146766659699951,0.16135433933966786,0.18001793051435608,0.2270684819016823,0,729,3189
hcp83,16,qsf,random_robust,0.11838168675399748,0.014574230533546173,0.11839456255423329,0.15690988879489473,0.17315360799130664,0.2157087414870395,0,729,3189
hcp83,16,qsf,selected_bounded_residual,0.10965992419467686,0.01250048648759246,0.10973874390552166,0.14437738024898317,0.15630764345505957,0.1890374151039496,0,729,3189
hcp83,16,qsf,selected_projection,0.11219887343654089,0.013079293800668324,0.11228304009198334,0.14876433686807883,0.16275900467012755,0.1901203469961351,0,729,3189
hcp83,16,qsf,selected_robust,0.10965992419467686,0.01250048648759246,0.10973874390552166,0.14437738024898317,0.15630764345505957,0.1890374151039496,0,729,3189
hcp83,16,qsf,selected_sources_ordinary,0.11226373397578926,0.013096604407731693,0.11235357751169606,0.14915443749485147,0.1631810341658073,0.193362038183982,0,729,3189
hcp83,16,qsf,spatial_robust,0.11068180102766079,0.012667489518831896,0.11072202062840077,0.14194800552838371,0.15477516291953827,0.1825668707775598,0,729,3189
hcp83,16,qsf,template_random_bounded_residual,0.03344275186204409,0.0012942948921247962,0.0333056201829288,0.05824991515666416,0.08144091004669575,0.139027933252939,0,729,3189
hcp83,16,qsf,template_random_projection,0.03513436668474851,0.0014246242597361705,0.03495034496431538,0.06128972932348466,0.08699452255791762,0.1327048801591388,0,729,3189
hcp83,16,qsf,template_random_robust,0.03344275186204409,0.0012942948921247962,0.0333056201829288,0.05824991515666416,0.08144091004669575,0.139027933252939,0,729,3189
hcp83,16,qsf,template_selected_bounded_residual,0.03091165774275612,0.0010655571760571961,0.030809510145465218,0.04990275494483492,0.06981424968859674,0.1088559978275351,0,729,3189
hcp83,16,qsf,template_selected_projection,0.03224910126451629,0.0011660186281800483,0.03208206327567804,0.052520445241225296,0.07180359787632216,0.1106588432926333,0,729,3189
hcp83,16,qsf,template_selected_robust,0.03091165774275612,0.0010655571760571961,0.030809510145465218,0.04990275494483492,0.06981424968859674,0.1088559978275351,0,729,3189
hcp83,32,heat_norm18,atlas_random_aligned,0.022885802769129163,0.0005424109610778671,0.0228920278176676,0.030209378897410075,0.035340130639248145,0.0773607521070938,0,729,3189
hcp83,32,heat_norm18,atlas_random_mean,0.05889845037879193,0.004355431050372233,0.05875119086030096,0.10324576092205735,0.2021245301122094,0.2813853313317889,0,729,3189
hcp83,32,heat_norm18,atlas_selected_aligned,0.022673803722158693,0.0005312946313043767,0.022682249658406272,0.02948210380554062,0.03440897258805866,0.0748080450073867,0,729,3189
hcp83,32,heat_norm18,atlas_selected_mean,0.05889845037879193,0.004355431050372233,0.05875119086030096,0.10324576092205735,0.2021245301122094,0.2813853313317889,0,729,3189
hcp83,32,heat_norm18,floor_random_robust,0.11745631180539727,0.014248843741290148,0.1176059714040507,0.15172864896016816,0.1648541253751807,0.2399342196056446,0,729,3189
hcp83,32,heat_norm18,ordinary_selected,0.11586630260267566,0.013917099637624537,0.11602968623997276,0.15233100314688858,0.16640295618808598,0.2108453903655192,0,729,3189
hcp83,32,heat_norm18,random_bounded_residual,0.12021560112769984,0.014873363589212625,0.12033330533874799,0.15414577808377222,0.16804809426450948,0.2322578525245181,0,729,3189
hcp83,32,heat_norm18,random_ordinary,0.12250336945088351,0.015474328717347215,0.12260864417756707,0.158257729656099,0.17563689856260553,0.2426224832799116,0,729,3189
hcp83,32,heat_norm18,random_projection,0.12206163562333637,0.015336212888083432,0.1221592739700441,0.15680275928082202,0.17146201768548916,0.2176016811823169,0,729,3189
hcp83,32,heat_norm18,random_robust,0.12021560112769984,0.014873363589212625,0.12033330533874799,0.15414577808377222,0.16804809426450948,0.2322578525245181,0,729,3189
hcp83,32,heat_norm18,selected_bounded_residual,0.11388579326120812,0.013424667582549883,0.11402486963184016,0.14805126067185848,0.16030881721324922,0.1887276905522776,0,729,3189
hcp83,32,heat_norm18,selected_projection,0.11565421220431828,0.013853795305595185,0.11578162519309355,0.15117309486392663,0.16523558050082476,0.1863372641348598,0,729,3189
hcp83,32,heat_norm18,selected_robust,0.11388579326120812,0.013424667582549883,0.11402486963184016,0.14805126067185848,0.16030881721324922,0.1887276905522776,0,729,3189
hcp83,32,heat_norm18,selected_sources_ordinary,0.11599197055281713,0.013945114226788282,0.11613798645023408,0.15233100314688858,0.16640295618808598,0.2108453903655192,0,729,3189
hcp83,32,heat_norm18,spatial_robust,0.11834822253243077,0.014362122162248747,0.1184517543548521,0.14841911127031976,0.16259159949521138,0.2264534588209552,0,729,3189
hcp83,32,heat_norm18,template_random_bounded_residual,0.03324074152804499,0.0012634251300738608,0.033121566522123606,0.055980027078957266,0.07959280710996616,0.121746991771745,0,729,3189
hcp83,32,heat_norm18,template_random_projection,0.03505716787102013,0.001404241058558542,0.0348834109969231,0.05826858309253015,0.0844848924396465,0.128997287855002,0,729,3189
hcp83,32,heat_norm18,template_random_robust,0.03324074152804499,0.0012634251300738608,0.033121566522123606,0.055980027078957266,0.07959280710996616,0.121746991771745,0,729,3189
hcp83,32,heat_norm18,template_selected_bounded_residual,0.03162818813435789,0.0011351172077169065,0.031521735716316425,0.052616134869441354,0.07281797044897181,0.1166234027483213,0,729,3189
hcp83,32,heat_norm18,template_selected_projection,0.03341323998865863,0.0012699306699442885,0.03324500032366295,0.05483522862262684,0.07767858874620691,0.1267538395123655,0,729,3189
hcp83,32,heat_norm18,template_selected_robust,0.03162818813435789,0.0011351172077169065,0.031521735716316425,0.052616134869441354,0.07281797044897181,0.1166234027483213,0,729,3189
hcp83,32,heat_raw18,atlas_random_aligned,0.022885802769129163,0.0005424109610778671,0.0228920278176676,0.030209378897410075,0.035340130639248145,0.0773607521070938,0,729,3189
hcp83,32,heat_raw18,atlas_random_mean,0.05889845037879193,0.004355431050372233,0.05875119086030096,0.10324576092205735,0.2021245301122094,0.2813853313317889,0,729,3189
hcp83,32,heat_raw18,atlas_selected_aligned,0.02267235272913832,0.0005311865483633032,0.022676270188548266,0.0294750196772813,0.03440978084169666,0.0748080450073867,0,729,3189
hcp83,32,heat_raw18,atlas_selected_mean,0.05889845037879193,0.004355431050372233,0.05875119086030096,0.10324576092205735,0.2021245301122094,0.2813853313317889,0,729,3189
hcp83,32,heat_raw18,floor_random_robust,0.12106728253986207,0.015032790755693838,0.1212053094287997,0.1508064110852292,0.16236523532536268,0.2769465922349363,0,729,3189
hcp83,32,heat_raw18,ordinary_selected,0.11744501910704337,0.014215005568905106,0.11752584934703549,0.1511872376503468,0.1681552792605962,0.2132274979226415,0,729,3189
hcp83,32,heat_raw18,random_bounded_residual,0.11905816636142957,0.014553218964742676,0.11920931377863402,0.1508218961441564,0.16459863810919156,0.2396666576664621,0,729,3189
hcp83,32,heat_raw18,random_ordinary,0.12239325843096165,0.01539324455479832,0.12253413867228209,0.15626072567244903,0.17194957041114853,0.2835030378878906,0,729,3189
hcp83,32,heat_raw18,random_projection,0.12184000329179724,0.0152344710238367,0.12197806385668375,0.15475134100253943,0.1700327596719139,0.2041955822175441,0,729,3189
hcp83,32,heat_raw18,random_robust,0.11905816636142957,0.014553218964742676,0.11920931377863402,0.1508218961441564,0.16459863810919156,0.2396666576664621,0,729,3189
hcp83,32,heat_raw18,selected_bounded_residual,0.11445884755182263,0.013497697883270468,0.11458292036379628,0.1465037776630859,0.162596623624875,0.1960495490942633,0,729,3189
hcp83,32,heat_raw18,selected_projection,0.11717822930566359,0.01413667280520445,0.1172711366867748,0.15050325692519784,0.1661235597814193,0.20075708260148,0,729,3189
hcp83,32,heat_raw18,selected_robust,0.11445884755182263,0.013497697883270468,0.11458292036379628,0.1465037776630859,0.162596623624875,0.1960495490942633,0,729,3189
hcp83,32,heat_raw18,selected_sources_ordinary,0.11744501910704337,0.014215005568905106,0.11752584934703549,0.1511872376503468,0.1681552792605962,0.2132274979226415,0,729,3189
hcp83,32,heat_raw18,spatial_robust,0.1178925491338137,0.014225426785571512,0.11803476137360831,0.14761552605336747,0.16217237699700474,0.2168558319685352,0,729,3189
hcp83,32,heat_raw18,template_random_bounded_residual,0.03252151960314937,0.0012027019871034728,0.032409086206864515,0.054339619512656555,0.076993094984942,0.1155545388426024,0,729,3189
hcp83,32,heat_raw18,template_random_projection,0.03434196310207267,0.0013402662404286122,0.03417446060648783,0.056541924255514346,0.08243782977180301,0.1227153985534888,0,729,3189
hcp83,32,heat_raw18,template_random_robust,0.03252151960314937,0.0012027019871034728,0.032409086206864515,0.054339619512656555,0.076993094984942,0.1155545388426024,0,729,3189
hcp83,32,heat_raw18,template_selected_bounded_residual,0.03132629910554202,0.0011056125306767447,0.031222507462878277,0.05158626947435974,0.07066858278041835,0.1120265032644832,0,729,3189
hcp83,32,heat_raw18,template_selected_projection,0.03306734235086188,0.0012358085054898005,0.0329025254302598,0.05375675889433078,0.07571560862511233,0.1249412252396719,0,729,3189
hcp83,32,heat_raw18,template_selected_robust,0.03132629910554202,0.0011056125306767447,0.031222507462878277,0.05158626947435974,0.07066858278041835,0.1120265032644832,0,729,3189
hcp83,32,qsf,atlas_random_aligned,0.022885802769129163,0.0005424109610778671,0.0228920278176676,0.030209378897410075,0.035340130639248145,0.0773607521070938,0,729,3189
hcp83,32,qsf,atlas_random_mean,0.05889845037879193,0.004355431050372233,0.05875119086030096,0.10324576092205735,0.2021245301122094,0.2813853313317889,0,729,3189
hcp83,32,qsf,atlas_selected_aligned,0.02263375669318046,0.0005293360339619313,0.02263494048565819,0.029575482951299175,0.034107557375215036,0.0748080450073867,0,729,3189
hcp83,32,qsf,atlas_selected_mean,0.05889845037879193,0.004355431050372233,0.05875119086030096,0.10324576092205735,0.2021245301122094,0.2813853313317889,0,729,3189
hcp83,32,qsf,floor_random_robust,0.10898512056708869,0.012374631628583049,0.10912016428120606,0.14245281903744228,0.15494743096307273,0.2708841413434915,0,729,3189
hcp83,32,qsf,ordinary_selected,0.10314375637681479,0.011201990101888621,0.10318041366845769,0.14041282985174738,0.15353147206787798,0.1811341206455645,0,729,3189
hcp83,32,qsf,random_bounded_residual,0.10455338090039518,0.01143630196289357,0.10462907445874446,0.13941074604640838,0.1507286645604736,0.1864887172526512,0,729,3189
hcp83,32,qsf,random_ordinary,0.10784634735469116,0.012165154744331092,0.10794484988533157,0.14479801656448024,0.15886179956283353,0.3075259769503191,0,729,3189
hcp83,32,qsf,random_projection,0.10770552060445572,0.012123004379147304,0.10778796489614127,0.1445789273742102,0.1582440268789409,0.1909764590958715,0,729,3189
hcp83,32,qsf,random_robust,0.10455338090039518,0.01143630196289357,0.10462907445874446,0.13941074604640838,0.1507286645604736,0.1864887172526512,0,729,3189
hcp83,32,qsf,selected_bounded_residual,0.10007023702847079,0.010560335665018602,0.10009512478560889,0.13552688380412212,0.14761148023938986,0.1743228528862367,0,729,3189
hcp83,32,qsf,selected_projection,0.10324985208434875,0.011221707107204524,0.10330677090943248,0.14022000666658468,0.15438838155016738,0.1742203245911157,0,729,3189
hcp83,32,qsf,selected_robust,0.10007023702847079,0.010560335665018602,0.10009512478560889,0.13552688380412212,0.14761148023938986,0.1743228528862367,0,729,3189
hcp83,32,qsf,selected_sources_ordinary,0.10328049683847665,0.011230539116431619,0.10333528451356154,0.1404723239293779,0.15401175568159073,0.1754301911218967,0,729,3189
hcp83,32,qsf,spatial_robust,0.10251370262043627,0.011001721338019743,0.1025495321059291,0.13617878244830842,0.14883131286011503,0.1797956415092712,0,729,3189
hcp83,32,qsf,template_random_bounded_residual,0.02976130567044693,0.0009974830716593997,0.02965377432825242,0.04929245615256521,0.0691787112883435,0.1067924775550764,0,729,3189
hcp83,32,qsf,template_random_projection,0.03138695577760292,0.0011073434457331962,0.031231556304725936,0.05144263172367627,0.07146081787155895,0.1102794941293078,0,729,3189
hcp83,32,qsf,template_random_robust,0.02976130567044693,0.0009974830716593997,0.02965377432825242,0.04929245615256521,0.0691787112883435,0.1067924775550764,0,729,3189
hcp83,32,qsf,template_selected_bounded_residual,0.028510318844378137,0.0009074501381890035,0.028423067480817268,0.04600045446302672,0.0643413770562344,0.1018582804966282,0,729,3189
hcp83,32,qsf,template_selected_projection,0.02994004037794601,0.0010024532581612857,0.029799176847430244,0.047873457851307435,0.06715247766405961,0.1097519179316867,0,729,3189
hcp83,32,qsf,template_selected_robust,0.028510318844378137,0.0009074501381890035,0.028423067480817268,0.04600045446302672,0.0643413770562344,0.1018582804966282,0,729,3189
oasis,8,heat_norm18,atlas_random_aligned,0.025577429078618114,0.0006987518789562318,0.025615415967727803,0.03610602730395522,0.052829964830800706,0.1104039286132078,0,461,2085
oasis,8,heat_norm18,atlas_random_mean,0.13528681232989298,0.020158356001362693,0.13609764757063308,0.19502587990912998,0.34487315519796274,0.4524658031541464,0,461,2085
oasis,8,heat_norm18,atlas_selected_aligned,0.024528527768860005,0.0006406329258140344,0.02456953736016524,0.03452242142645988,0.051535829797848515,0.0838489061279694,0,461,2085
oasis,8,heat_norm18,atlas_selected_mean,0.13528681232989298,0.020158356001362693,0.13609764757063308,0.19502587990912998,0.34487315519796274,0.4524658031541464,0,461,2085
oasis,8,heat_norm18,floor_random_robust,0.10984475985974178,0.01246563976912511,0.10990166898967493,0.14075476350374133,0.19830687261112823,0.2799854203491846,0,461,2085
oasis,8,heat_norm18,ordinary_selected,0.10286173809131176,0.011193769801764467,0.10281650742914909,0.12497599666425918,0.22832333948104938,0.398168516655911,0,461,2085
oasis,8,heat_norm18,random_bounded_residual,0.11453808925739607,0.013585798998284177,0.11471318530115422,0.14182892857840684,0.2033611655656488,0.3785944126235449,0,461,2085
oasis,8,heat_norm18,random_ordinary,0.11767189462420201,0.014735638809589767,0.11793746138695836,0.14566466101984166,0.2712820331381308,0.568943973680767,0,461,2085
oasis,8,heat_norm18,random_projection,0.11488933589745247,0.013696266179483297,0.11511074329060324,0.14233922171030441,0.20635280452615404,0.386442305772352,0,461,2085
oasis,8,heat_norm18,random_robust,0.11474838435465061,0.01365557379375719,0.1149504922736994,0.14223484093313732,0.20635280452615404,0.386442305772352,0,461,2085
oasis,8,heat_norm18,selected_bounded_residual,0.10106387475781341,0.010600849792925856,0.10108280533864837,0.12400111102635125,0.18238372228668978,0.3889112517043619,0,461,2085
oasis,8,heat_norm18,selected_projection,0.10163817472694191,0.01070442915833999,0.10165602850607142,0.12497599666425918,0.18584089715663013,0.3185637026921574,0,461,2085
oasis,8,heat_norm18,selected_robust,0.10121668092422188,0.010641269687959623,0.1012382374870074,0.1249633245976996,0.18264453748377538,0.3889112517043619,0,461,2085
oasis,8,heat_norm18,selected_sources_ordinary,0.10321993880912453,0.011285937856916468,0.10314617913668371,0.1269009229723199,0.22832333948104938,0.398168516655911,0,461,2085
oasis,8,heat_norm18,spatial_robust,0.10098375668528767,0.010588301971879944,0.1010941031464381,0.12294557097043755,0.1972475725106298,0.3858177058064352,0,461,2085
oasis,8,heat_norm18,template_random_bounded_residual,0.038586340925666346,0.0016887305771360669,0.038914227273875335,0.06744548409498544,0.0913022823882496,0.1550068153640319,0,461,2085
oasis,8,heat_norm18,template_random_projection,0.040203288008903,0.0018325723563590787,0.040552444622515525,0.07009225318039028,0.09474189769481918,0.1744550717765758,0,461,2085
oasis,8,heat_norm18,template_random_robust,0.038586340925666346,0.0016887305771360669,0.038914227273875335,0.06744548409498544,0.0913022823882496,0.1550068153640319,0,461,2085
oasis,8,heat_norm18,template_selected_bounded_residual,0.03572713742861441,0.0014322758180441084,0.0360360259791316,0.061611767699108866,0.07967582087867055,0.1560863439406552,0,461,2085
oasis,8,heat_norm18,template_selected_projection,0.037447460614691744,0.0015689528360928716,0.037768704989138965,0.06385281039697258,0.08678202910331284,0.1541188889995393,0,461,2085
oasis,8,heat_norm18,template_selected_robust,0.03572713742861441,0.0014322758180441084,0.0360360259791316,0.061611767699108866,0.07967582087867055,0.1560863439406552,0,461,2085
oasis,8,heat_raw18,atlas_random_aligned,0.025577429078618114,0.0006987518789562318,0.025615415967727803,0.03610602730395522,0.052829964830800706,0.1104039286132078,0,461,2085
oasis,8,heat_raw18,atlas_random_mean,0.13528681232989298,0.020158356001362693,0.13609764757063308,0.19502587990912998,0.34487315519796274,0.4524658031541464,0,461,2085
oasis,8,heat_raw18,atlas_selected_aligned,0.024684755965134732,0.0006485132285075174,0.024711105167306888,0.03452242142645988,0.05071631999053134,0.0841000746418034,0,461,2085
oasis,8,heat_raw18,atlas_selected_mean,0.13528681232989298,0.020158356001362693,0.13609764757063308,0.19502587990912998,0.34487315519796274,0.4524658031541464,0,461,2085
oasis,8,heat_raw18,floor_random_robust,0.10706486931316164,0.01180159092409939,0.10706289937824111,0.13451405236378516,0.17896547896447948,0.2875756339372957,0,461,2085
oasis,8,heat_raw18,ordinary_selected,0.09806395949700235,0.010212579247857505,0.0979953838992093,0.1204950167965371,0.2085755128193938,0.4599404648790111,0,461,2085
oasis,8,heat_raw18,random_bounded_residual,0.10890830751149103,0.012305907027815513,0.1089531429896114,0.13721211230553879,0.1996317090547851,0.3358246803263522,0,461,2085
oasis,8,heat_raw18,random_ordinary,0.110496670318107,0.012759569157422468,0.11056085012324991,0.1399989123885264,0.2109320604984032,0.3968922770678355,0,461,2085
oasis,8,heat_raw18,random_projection,0.10934576542343928,0.01241748744000209,0.10942891383654291,0.13819514856621848,0.20424285637139256,0.3381173337870474,0,461,2085
oasis,8,heat_raw18,random_robust,0.10909995694269418,0.012366819444688995,0.10914988977897104,0.13769074962071273,0.2072120575095291,0.3381173337870474,0,461,2085
oasis,8,heat_raw18,selected_bounded_residual,0.0971114976243247,0.009830116819847731,0.09707247725472234,0.12112277701168457,0.18987545514318543,0.3121699770063106,0,461,2085
oasis,8,heat_raw18,selected_projection,0.09782160269640912,0.009983086165948672,0.09781287530477902,0.12199005751976495,0.19154628881663116,0.3265151843481401,0,461,2085
oasis,8,heat_raw18,selected_robust,0.09715115481452134,0.009837655841411492,0.09711293057848712,0.12112277701168457,0.18987545514318543,0.3121699770063106,0,461,2085
oasis,8,heat_raw18,selected_sources_ordinary,0.09844134239589634,0.010285365612346149,0.09840134407272641,0.12333238873396807,0.20925672590826455,0.4599404648790111,0,461,2085
oasis,8,heat_raw18,spatial_robust,0.09973032500035811,0.010301638848495604,0.09986179120206978,0.1245935148133217,0.19193150898524547,0.2707488334786926,0,461,2085
oasis,8,heat_raw18,template_random_bounded_residual,0.039877650398645784,0.0017818422208285241,0.04019675464990332,0.06825108551940107,0.09111490090701584,0.1558556085792607,0,461,2085
oasis,8,heat_raw18,template_random_projection,0.041461685636302745,0.001927051536179101,0.04180159997052616,0.07028640912991556,0.09495002132618105,0.1734053915160172,0,461,2085
oasis,8,heat_raw18,template_random_robust,0.039877650398645784,0.0017818422208285241,0.04019675464990332,0.06825108551940107,0.09111490090701584,0.1558556085792607,0,461,2085
oasis,8,heat_raw18,template_selected_bounded_residual,0.03660561099060224,0.0014995993034204527,0.03690990202654721,0.06253588490920667,0.08117734196203792,0.1559892526184928,0,461,2085
oasis,8,heat_raw18,template_selected_projection,0.038217422496351725,0.0016322321773122321,0.03854208883591587,0.06441215799755715,0.08646514215279387,0.1530040390255805,0,461,2085
oasis,8,heat_raw18,template_selected_robust,0.036666584455204494,0.0015043755962469748,0.036972879473417694,0.06254350811723097,0.08083798549407892,0.1559892526184928,0,461,2085
oasis,8,qsf,atlas_random_aligned,0.025577429078618114,0.0006987518789562318,0.025615415967727803,0.03610602730395522,0.052829964830800706,0.1104039286132078,0,461,2085
oasis,8,qsf,atlas_random_mean,0.13528681232989298,0.020158356001362693,0.13609764757063308,0.19502587990912998,0.34487315519796274,0.4524658031541464,0,461,2085
oasis,8,qsf,atlas_selected_aligned,0.024802835791139562,0.000652982590378257,0.024832608962667556,0.0353297724886704,0.051811184485334304,0.0762896991950397,0,461,2085
oasis,8,qsf,atlas_selected_mean,0.13528681232989298,0.020158356001362693,0.13609764757063308,0.19502587990912998,0.34487315519796274,0.4524658031541464,0,461,2085
oasis,8,qsf,floor_random_robust,0.09574149797201549,0.009624018510021528,0.09596646595814345,0.1276674880176106,0.181563373910789,0.3173275085927645,0,461,2085
oasis,8,qsf,ordinary_selected,0.08383368470491101,0.0074912984125533565,0.08398233877875126,0.11199835497449828,0.18179344279179907,0.3170839193830176,0,461,2085
oasis,8,qsf,random_bounded_residual,0.09120996998147866,0.008723684216091994,0.09140548050744382,0.12346468229191938,0.18191141090410234,0.2665186177749309,0,461,2085
oasis,8,qsf,random_ordinary,0.09235574996384349,0.009033201353757141,0.09255256597560096,0.12716860250867282,0.18537088112364808,0.3741822897196912,0,461,2085
oasis,8,qsf,random_projection,0.09206404097469074,0.008925433067875828,0.09228167950949497,0.12714216648618307,0.18537088112364808,0.2962151705558588,0,461,2085
oasis,8,qsf,random_robust,0.09125978335976145,0.008739580945209826,0.09144709284644886,0.12395521831678166,0.18191141090410234,0.2665186177749309,0,461,2085
oasis,8,qsf,selected_bounded_residual,0.08228058314699475,0.007158275603656452,0.08237246761396402,0.1104040113359507,0.16798603763491401,0.3292593828262918,0,461,2085
oasis,8,qsf,selected_projection,0.083450752129123,0.007378217124621622,0.08357626157951852,0.11088594707190465,0.1793802397429938,0.3170839193830176,0,461,2085
oasis,8,qsf,selected_robust,0.08228058314699475,0.007158275603656452,0.08237246761396402,0.1104040113359507,0.16798603763491401,0.3292593828262918,0,461,2085
oasis,8,qsf,selected_sources_ordinary,0.08378937394254626,0.007456919173542774,0.08394044032307021,0.11160822233262342,0.18179344279179907,0.3170839193830176,0,461,2085
oasis,8,qsf,spatial_robust,0.08243975268355473,0.007125558689933808,0.08270442589354031,0.11099546750476276,0.1649621287576092,0.2857184281057014,0,461,2085
oasis,8,qsf,template_random_bounded_residual,0.03699815680511469,0.0015950060574287084,0.037388008018029426,0.0676292195282226,0.0887008315264571,0.2118168811132311,0,461,2085
oasis,8,qsf,template_random_projection,0.03895340297916937,0.0017603098975931808,0.03933754827829076,0.07005624614801186,0.09260072895656296,0.211800043091646,0,461,2085
oasis,8,qsf,template_random_robust,0.03699815680511469,0.0015950060574287084,0.037388008018029426,0.0676292195282226,0.0887008315264571,0.2118168811132311,0,461,2085
oasis,8,qsf,template_selected_bounded_residual,0.034183536616376554,0.001374248630752008,0.034611141609366965,0.060002225563896755,0.09162691735552926,0.1938656265768484,0,461,2085
oasis,8,qsf,template_selected_projection,0.03599895682302575,0.0015082061861590168,0.03642651380768346,0.06334934829215792,0.09727906579985812,0.2006104748796499,0,461,2085
oasis,8,qsf,template_selected_robust,0.03422489900826542,0.0013779208958017166,0.0346547991228969,0.06013237336052284,0.09162691735552926,0.1938656265768484,0,461,2085
oasis,16,heat_norm18,atlas_random_aligned,0.023829069357085224,0.00060287262436845,0.023861495715076897,0.03352230906598238,0.04905102142212155,0.0773155151646881,0,461,2085
oasis,16,heat_norm18,atlas_random_mean,0.13528681232989298,0.020158356001362693,0.13609764757063308,0.19502587990912998,0.34487315519796274,0.4524658031541464,0,461,2085
oasis,16,heat_norm18,atlas_selected_aligned,0.02362956438345366,0.0005909792734752562,0.023652242728679836,0.03277735159232827,0.047252194674899634,0.0740833005494857,0,461,2085
oasis,16,heat_norm18,atlas_selected_mean,0.13528681232989298,0.020158356001362693,0.13609764757063308,0.19502587990912998,0.34487315519796274,0.4524658031541464,0,461,2085
oasis,16,heat_norm18,floor_random_robust,0.08330423197523551,0.007288067502444866,0.08339667014538289,0.10974022796749662,0.16674632860829025,0.331908307696487,0,461,2085
oasis,16,heat_norm18,ordinary_selected,0.08297911370947803,0.007482844086178387,0.08305073320194645,0.10673306733882477,0.1862990090787608,0.5474770249694383,0,461,2085
oasis,16,heat_norm18,random_bounded_residual,0.08842135033932431,0.00828033032961547,0.08851363723239715,0.1143213007480885,0.17623148672805036,0.5015437651607878,0,461,2085
oasis,16,heat_norm18,random_ordinary,0.09072295747296849,0.009016880633011735,0.09084454527347588,0.11763515921135914,0.20800031777761677,0.5797022008444697,0,461,2085
oasis,16,heat_norm18,random_projection,0.08903802405576385,0.008420558667485391,0.0891630114789029,0.11490752409717513,0.18294015200763536,0.5155472064978296,0,461,2085
oasis,16,heat_norm18,random_robust,0.08857246086576862,0.008321129881819423,0.08866162249497182,0.11475498014390315,0.17827155797916636,0.5155472064978296,0,461,2085
oasis,16,heat_norm18,selected_bounded_residual,0.0813412519418704,0.006986584735565974,0.08146334626542448,0.10444046402207126,0.16949172407195767,0.3165311007616543,0,461,2085
oasis,16,heat_norm18,selected_projection,0.08204794507007433,0.007104759448912403,0.08212803523580768,0.10582391674810335,0.17692877339688537,0.2928224020755632,0,461,2085
oasis,16,heat_norm18,selected_robust,0.08139529267996327,0.006995010840509223,0.08150988798249259,0.10518307021927238,0.16478335679067138,0.3165311007616543,0,461,2085
oasis,16,heat_norm18,selected_sources_ordinary,0.08297911370947803,0.007482844086178387,0.08305073320194645,0.10673306733882477,0.1862990090787608,0.5474770249694383,0,461,2085
oasis,16,heat_norm18,spatial_robust,0.07948823549335962,0.006631784418513805,0.07959049241750685,0.1026605338565912,0.16345045276589254,0.2515133568082787,0,461,2085
oasis,16,heat_norm18,template_random_bounded_residual,0.035969093075482066,0.0014882268428996809,0.03625965913061122,0.06598887002181156,0.08665660024125063,0.1312496581197772,0,461,2085
oasis,16,heat_norm18,template_random_projection,0.037838937120445025,0.0016384130027151582,0.03817444403661253,0.06977382586965199,0.09170988629658335,0.1509855413840866,0,461,2085
oasis,16,heat_norm18,template_random_robust,0.035969093075482066,0.0014882268428996809,0.03625965913061122,0.06598887002181156,0.08665660024125063,0.1312496581197772,0,461,2085
oasis,16,heat_norm18,template_selected_bounded_residual,0.03325119079239732,0.0012720785382035781,0.03356109874897219,0.06045885288072134,0.07895971471987287,0.1807428512642305,0,461,2085
oasis,16,heat_norm18,template_selected_projection,0.03508396806863151,0.0014066982348926336,0.03540332611783289,0.062290802007527936,0.08741822119090821,0.1865854721674502,0,461,2085
oasis,16,heat_norm18,template_selected_robust,0.03325119079239732,0.0012720785382035781,0.03356109874897219,0.06045885288072134,0.07895971471987287,0.1807428512642305,0,461,2085
oasis,16,heat_raw18,atlas_random_aligned,0.023829069357085224,0.00060287262436845,0.023861495715076897,0.03352230906598238,0.04905102142212155,0.0773155151646881,0,461,2085
oasis,16,heat_raw18,atlas_random_mean,0.13528681232989298,0.020158356001362693,0.13609764757063308,0.19502587990912998,0.34487315519796274,0.4524658031541464,0,461,2085
oasis,16,heat_raw18,atlas_selected_aligned,0.023634238188055424,0.0005920372195852828,0.023658484541721952,0.03293970756161009,0.047252194674899634,0.076068170331266,0,461,2085
oasis,16,heat_raw18,atlas_selected_mean,0.13528681232989298,0.020158356001362693,0.13609764757063308,0.19502587990912998,0.34487315519796274,0.4524658031541464,0,461,2085
oasis,16,heat_raw18,floor_random_robust,0.08562790642480456,0.007553851418001929,0.08566091666134686,0.10863501354930105,0.14241404775459712,0.3014012508037612,0,461,2085
oasis,16,heat_raw18,ordinary_selected,0.08089975232727985,0.007004329667980326,0.08076560265056332,0.10704548622999156,0.1877031023747604,0.3521199450440646,0,461,2085
oasis,16,heat_raw18,random_bounded_residual,0.08525430080245228,0.007606097614632233,0.08529897023457586,0.11206649259648847,0.1637416262807672,0.2705248887401647,0,461,2085
oasis,16,heat_raw18,random_ordinary,0.08691908434138249,0.007952638965326829,0.08702160822448003,0.1153136273395028,0.17636601309038116,0.2883589162764126,0,461,2085
oasis,16,heat_raw18,random_projection,0.08603539396234196,0.007764087570627883,0.08613880297164409,0.11461248746764334,0.17006551317356472,0.2834673230533554,0,461,2085
oasis,16,heat_raw18,random_robust,0.08531446499586598,0.0076176461612863546,0.08536153264205527,0.11296842084137214,0.16357737532245634,0.2705248887401647,0,461,2085
oasis,16,heat_raw18,selected_bounded_residual,0.0794888740751066,0.006670735345222773,0.07935917300222993,0.10372534823934067,0.1586706841808304,0.285357704759193,0,461,2085
oasis,16,heat_raw18,selected_projection,0.08043864622285794,0.00685036197839177,0.08033344034050567,0.1062940236904798,0.17067930737521245,0.3022380044693842,0,461,2085
oasis,16,heat_raw18,selected_robust,0.0794888740751066,0.006670735345222773,0.07935917300222993,0.10372534823934067,0.1586706841808304,0.285357704759193,0,461,2085
oasis,16,heat_raw18,selected_sources_ordinary,0.08082311428747616,0.006998226924064269,0.08067755046562254,0.1066525794266842,0.18248169330784528,0.3521199450440646,0,461,2085
oasis,16,heat_raw18,spatial_robust,0.07857440871482425,0.0064727917751004425,0.07855334945656155,0.10123985278695845,0.16452268638598838,0.2372866000919734,0,461,2085
oasis,16,heat_raw18,template_random_bounded_residual,0.03591791451966806,0.0014814884955691803,0.03620735673846935,0.06575936692568701,0.0862679088323918,0.1313799029713581,0,461,2085
oasis,16,heat_raw18,template_random_projection,0.03782257957084265,0.0016338204052897345,0.03815120522870632,0.06934397381201063,0.09129608649136221,0.1504635858805541,0,461,2085
oasis,16,heat_raw18,template_random_robust,0.03591791451966806,0.0014814884955691803,0.03620735673846935,0.06575936692568701,0.0862679088323918,0.1313799029713581,0,461,2085
oasis,16,heat_raw18,template_selected_bounded_residual,0.03252870118955826,0.0012245338801613896,0.03282916639781831,0.05903769923287156,0.07762467241380928,0.1804256663109857,0,461,2085
oasis,16,heat_raw18,template_selected_projection,0.034434452419391234,0.0013634966481660552,0.03474438692342384,0.06132898171175533,0.08460957661558956,0.1860757950150857,0,461,2085
oasis,16,heat_raw18,template_selected_robust,0.03252870118955826,0.0012245338801613896,0.03282916639781831,0.05903769923287156,0.07762467241380928,0.1804256663109857,0,461,2085
oasis,16,qsf,atlas_random_aligned,0.023829069357085224,0.00060287262436845,0.023861495715076897,0.03352230906598238,0.04905102142212155,0.0773155151646881,0,461,2085
oasis,16,qsf,atlas_random_mean,0.13528681232989298,0.020158356001362693,0.13609764757063308,0.19502587990912998,0.34487315519796274,0.4524658031541464,0,461,2085
oasis,16,qsf,atlas_selected_aligned,0.023663425691658968,0.0005933591413638096,0.023677278040531637,0.033245449564925394,0.04721352302333063,0.076068170331266,0,461,2085
oasis,16,qsf,atlas_selected_mean,0.13528681232989298,0.020158356001362693,0.13609764757063308,0.19502587990912998,0.34487315519796274,0.4524658031541464,0,461,2085
oasis,16,qsf,floor_random_robust,0.07101243049504632,0.005393840099134056,0.07108938912814414,0.09620847104077784,0.1432586635452588,0.3610740412115317,0,461,2085
oasis,16,qsf,ordinary_selected,0.06245955118877641,0.00424356004490078,0.06264896827632432,0.08727329255273174,0.15941751441918495,0.2560313006530596,0,461,2085
oasis,16,qsf,random_bounded_residual,0.06593667995130077,0.004620831231226364,0.06603959691501099,0.09182610197673707,0.1415739493779125,0.2612819062073368,0,461,2085
oasis,16,qsf,random_ordinary,0.06720743519787291,0.004861573806368421,0.06736743695072007,0.09355963753902866,0.1537287580296049,0.2975420087013368,0,461,2085
oasis,16,qsf,random_projection,0.06704394846275813,0.004833172696475032,0.06718975391965402,0.09339966718737878,0.1528833064864327,0.2975420087013368,0,461,2085
oasis,16,qsf,random_robust,0.06593667995130077,0.004620831231226364,0.06603959691501099,0.09182610197673707,0.1415739493779125,0.2612819062073368,0,461,2085
oasis,16,qsf,selected_bounded_residual,0.060718990861740506,0.003939184303318325,0.06084139118173768,0.08394905179629676,0.13037661948257248,0.2143453610546454,0,461,2085
oasis,16,qsf,selected_projection,0.062036324125494716,0.004150530221506621,0.06221015746053435,0.08640845635383386,0.15328672291753825,0.2276971433525738,0,461,2085
oasis,16,qsf,selected_robust,0.060718990861740506,0.003939184303318325,0.06084139118173768,0.08394905179629676,0.13037661948257248,0.2143453610546454,0,461,2085
oasis,16,qsf,selected_sources_ordinary,0.06233847734374463,0.004214067351374083,0.06253016504296934,0.08622892946709386,0.15941751441918495,0.2560313006530596,0,461,2085
oasis,16,qsf,spatial_robust,0.05868292954549073,0.0036578988140882813,0.058803261217254585,0.08011458081685444,0.13007968794506322,0.190281140504976,0,461,2085
oasis,16,qsf,template_random_bounded_residual,0.03265156433982278,0.0012209849012237608,0.03295279830995685,0.059402725745233094,0.0779370388779763,0.1277762368099485,0,461,2085
oasis,16,qsf,template_random_projection,0.03460463889239367,0.001368702919272813,0.034909313733645836,0.062027777049884734,0.0835143860588723,0.1522687130700859,0,461,2085
oasis,16,qsf,template_random_robust,0.03265156433982278,0.0012209849012237608,0.03295279830995685,0.059402725745233094,0.0779370388779763,0.1277762368099485,0,461,2085
oasis,16,qsf,template_selected_bounded_residual,0.030192072346357027,0.0010766333558810011,0.030468433249453853,0.05253809955668859,0.07326547987986012,0.2316314845511373,0,461,2085
oasis,16,qsf,template_selected_projection,0.03211614807685942,0.001212201406498503,0.032411560686032126,0.05519045450177079,0.08344253825311881,0.2418096332346494,0,461,2085
oasis,16,qsf,template_selected_robust,0.030192072346357027,0.0010766333558810011,0.030468433249453853,0.05253809955668859,0.07326547987986012,0.2316314845511373,0,461,2085
oasis,32,heat_norm18,atlas_random_aligned,0.022968299105751242,0.00055837038581225,0.02300848683486418,0.03212801973061416,0.04694495471762073,0.0702719751252495,0,461,2085
oasis,32,heat_norm18,atlas_random_mean,0.13528681232989298,0.020158356001362693,0.13609764757063308,0.19502587990912998,0.34487315519796274,0.4524658031541464,0,461,2085
oasis,32,heat_norm18,atlas_selected_aligned,0.022872665507423656,0.0005533980340212847,0.022896485644684623,0.031910510110871634,0.047282462937951866,0.0671960199002177,0,461,2085
oasis,32,heat_norm18,atlas_selected_mean,0.13528681232989298,0.020158356001362693,0.13609764757063308,0.19502587990912998,0.34487315519796274,0.4524658031541464,0,461,2085
oasis,32,heat_norm18,floor_random_robust,0.06935834760895518,0.005230773722610714,0.06947275009719678,0.09331910844573355,0.14146023851036305,0.4633366542178337,0,461,2085
oasis,32,heat_norm18,ordinary_selected,0.06934199864930284,0.005302196574258227,0.06936628552639279,0.09197779917930128,0.17140533113402182,0.434530020128745,0,461,2085
oasis,32,heat_norm18,random_bounded_residual,0.07351192162177571,0.005864891615343254,0.07359224345970415,0.09732556789264792,0.1671206652407592,0.3987027795366402,0,461,2085
oasis,32,heat_norm18,random_ordinary,0.07512943926990899,0.006232274370447901,0.07520882281494456,0.09946607421295255,0.17550201939544385,0.434530020128745,0,461,2085
oasis,32,heat_norm18,random_projection,0.07423376832351042,0.0059762658953858416,0.07430401982752141,0.0987440251281665,0.17423850112860984,0.42299029657483,0,461,2085
oasis,32,heat_norm18,random_robust,0.07351192162177571,0.005864891615343254,0.07359224345970415,0.09732556789264792,0.1671206652407592,0.3987027795366402,0,461,2085
oasis,32,heat_norm18,selected_bounded_residual,0.06758603064030841,0.004954652489717378,0.06766167592402965,0.08989526714045501,0.1623057076284271,0.3987027795366402,0,461,2085
oasis,32,heat_norm18,selected_projection,0.06824180503679679,0.005056041736691225,0.06830989188409671,0.09108809651876454,0.15038158837100063,0.42299029657483,0,461,2085
oasis,32,heat_norm18,selected_robust,0.06748870129446852,0.0049286584328707694,0.06756857805670977,0.08994178987588454,0.15049232512986296,0.3987027795366402,0,461,2085
oasis,32,heat_norm18,selected_sources_ordinary,0.06940219555498381,0.0053079620721966465,0.0694204301229568,0.09205251016026063,0.17140533113402182,0.434530020128745,0,461,2085
oasis,32,heat_norm18,spatial_robust,0.06881464429277884,0.0050584228691338785,0.0690002068946682,0.09137058106502585,0.16774939446697856,0.2926286810388117,0,461,2085
oasis,32,heat_norm18,template_random_bounded_residual,0.03525854187789819,0.001426508947921604,0.03555219668198803,0.06417365484883923,0.08401700821659087,0.1287644063915075,0,461,2085
oasis,32,heat_norm18,template_random_projection,0.037201786195146476,0.001576398229661531,0.03754140374005798,0.06805947958482873,0.08677447624903202,0.1445309459141251,0,461,2085
oasis,32,heat_norm18,template_random_robust,0.03525854187789819,0.001426508947921604,0.03555219668198803,0.06417365484883923,0.08401700821659087,0.1287644063915075,0,461,2085
oasis,32,heat_norm18,template_selected_bounded_residual,0.03259973235581223,0.0012071943399941379,0.032872027273644425,0.05785136901628273,0.07455643144440102,0.1386005376528082,0,461,2085
oasis,32,heat_norm18,template_selected_projection,0.03452477800399487,0.00134775898124974,0.03481209190271362,0.06034516604315542,0.08328781259414036,0.1483910890333999,0,461,2085
oasis,32,heat_norm18,template_selected_robust,0.03259973235581223,0.0012071943399941379,0.032872027273644425,0.05785136901628273,0.07455643144440102,0.1386005376528082,0,461,2085
oasis,32,heat_raw18,atlas_random_aligned,0.022968299105751242,0.00055837038581225,0.02300848683486418,0.03212801973061416,0.04694495471762073,0.0702719751252495,0,461,2085
oasis,32,heat_raw18,atlas_random_mean,0.13528681232989298,0.020158356001362693,0.13609764757063308,0.19502587990912998,0.34487315519796274,0.4524658031541464,0,461,2085
oasis,32,heat_raw18,atlas_selected_aligned,0.022880793054372094,0.0005537327285873032,0.022906860461709384,0.031930605171030295,0.04740598756353381,0.0671960199002177,0,461,2085
oasis,32,heat_raw18,atlas_selected_mean,0.13528681232989298,0.020158356001362693,0.13609764757063308,0.19502587990912998,0.34487315519796274,0.4524658031541464,0,461,2085
oasis,32,heat_raw18,floor_random_robust,0.07314431032804458,0.0055218586008508996,0.07313557631969798,0.09466794706370758,0.11894609630652744,0.1956427029301049,0,461,2085
oasis,32,heat_raw18,ordinary_selected,0.0689991700215328,0.005165991886848412,0.0689748849699713,0.0946712082565004,0.1576176575185823,0.3240064162846197,0,461,2085
oasis,32,heat_raw18,random_bounded_residual,0.07107744921932316,0.005342377493653693,0.07111999080785467,0.0965640477283649,0.13858695126379367,0.2397918920771943,0,461,2085
oasis,32,heat_raw18,random_ordinary,0.07227671038017945,0.005582110379114069,0.0723385558126445,0.09805829411635975,0.15414318156572007,0.2746523185295593,0,461,2085
oasis,32,heat_raw18,random_projection,0.07202970404546018,0.005503807943941256,0.07212822488258702,0.09795516214121676,0.1527376498315584,0.2583507867493905,0,461,2085
oasis,32,heat_raw18,random_robust,0.07107744921932316,0.005342377493653693,0.07111999080785467,0.0965640477283649,0.13858695126379367,0.2397918920771943,0,461,2085
oasis,32,heat_raw18,selected_bounded_residual,0.06716207962994508,0.004794401968385219,0.06710656167378388,0.09117063995366682,0.14633789052503124,0.2525610134492648,0,461,2085
oasis,32,heat_raw18,selected_projection,0.06824236044672508,0.004967923396280031,0.06824583504456411,0.09288660734749107,0.1537081130794021,0.2629891596320094,0,461,2085
oasis,32,heat_raw18,selected_robust,0.06716207962994508,0.004794401968385219,0.06710656167378388,0.09117063995366682,0.14633789052503124,0.2525610134492648,0,461,2085
oasis,32,heat_raw18,selected_sources_ordinary,0.06889439516071434,0.005149920288630497,0.06882278483952171,0.09311957530193841,0.15824358427276236,0.3240064162846197,0,461,2085
oasis,32,heat_raw18,spatial_robust,0.06756733578982221,0.0048473381374951234,0.06759474786835203,0.09107317132945579,0.13597536683646574,0.224936945333256,0,461,2085
oasis,32,heat_raw18,template_random_bounded_residual,0.034925833759289024,0.0014019680104425194,0.035220480731959485,0.06354507383629428,0.08333447272488352,0.1290027360723325,0,461,2085
oasis,32,heat_raw18,template_random_projection,0.0368281533425506,0.0015478039006395054,0.037165286190295806,0.06758517464633688,0.08612870162078204,0.1444223017007116,0,461,2085
oasis,32,heat_raw18,template_random_robust,0.034925833759289024,0.0014019680104425194,0.035220480731959485,0.06354507383629428,0.08333447272488352,0.1290027360723325,0,461,2085
oasis,32,heat_raw18,template_selected_bounded_residual,0.032864759688692874,0.0012352740942743001,0.0331500726723036,0.05888716149268415,0.07733071818175175,0.1382410711753372,0,461,2085
oasis,32,heat_raw18,template_selected_projection,0.03490649110283617,0.0013828576057875691,0.035205731218541335,0.06233084175064508,0.08618514412358898,0.1478249973256081,0,461,2085
oasis,32,heat_raw18,template_selected_robust,0.032864759688692874,0.0012352740942743001,0.0331500726723036,0.05888716149268415,0.07733071818175175,0.1382410711753372,0,461,2085
oasis,32,qsf,atlas_random_aligned,0.022968299105751242,0.00055837038581225,0.02300848683486418,0.03212801973061416,0.04694495471762073,0.0702719751252495,0,461,2085
oasis,32,qsf,atlas_random_mean,0.13528681232989298,0.020158356001362693,0.13609764757063308,0.19502587990912998,0.34487315519796274,0.4524658031541464,0,461,2085
oasis,32,qsf,atlas_selected_aligned,0.02287370476167707,0.0005534835181033427,0.02289906378308751,0.031924869422292515,0.04740598756353381,0.0671960199002177,0,461,2085
oasis,32,qsf,atlas_selected_mean,0.13528681232989298,0.020158356001362693,0.13609764757063308,0.19502587990912998,0.34487315519796274,0.4524658031541464,0,461,2085
oasis,32,qsf,floor_random_robust,0.054553410651474135,0.0031853264863951317,0.054696975196947516,0.07540110883667708,0.10401701528653785,0.2896691035493207,0,461,2085
oasis,32,qsf,ordinary_selected,0.047971943323931315,0.0025297503329830264,0.048180136029497764,0.06845620184359072,0.13231125182727746,0.2123305068674193,0,461,2085
oasis,32,qsf,random_bounded_residual,0.0498289421439827,0.002661246761768243,0.049972635399480235,0.07187646676710531,0.09649167766940701,0.1803593940443676,0,461,2085
oasis,32,qsf,random_ordinary,0.05155079778158102,0.00289486755302244,0.051758916433928895,0.07383146588849619,0.1308070060068352,0.213059946613097,0,461,2085
oasis,32,qsf,random_projection,0.051385656164054584,0.0028595628486461173,0.05158404729826212,0.07381831154706535,0.12327875604402332,0.2103891653439444,0,461,2085
oasis,32,qsf,random_robust,0.0498289421439827,0.002661246761768243,0.049972635399480235,0.07187646676710531,0.09649167766940701,0.1803593940443676,0,461,2085
oasis,32,qsf,selected_bounded_residual,0.046217738360110554,0.0022929951281521165,0.046321329729148535,0.0655577982134165,0.09251349186034298,0.1803593940443676,0,461,2085
oasis,32,qsf,selected_projection,0.04776352221380595,0.00247499854482884,0.04791805752888712,0.06817085079080461,0.12150558308384049,0.1987230431590418,0,461,2085
oasis,32,qsf,selected_robust,0.046217738360110554,0.0022929951281521165,0.046321329729148535,0.0655577982134165,0.09251349186034298,0.1803593940443676,0,461,2085
oasis,32,qsf,selected_sources_ordinary,0.048083311998475965,0.002542109429489366,0.04825667920380712,0.06845620184359072,0.13231125182727746,0.2123305068674193,0,461,2085
oasis,32,qsf,spatial_robust,0.04520646227295038,0.002186245189165805,0.045424087485284204,0.06414148769846124,0.10084186123567057,0.1625468603278111,0,461,2085
oasis,32,qsf,template_random_bounded_residual,0.02882601119865295,0.0009429077947092375,0.029119751749990607,0.05208790433314942,0.06743102081805488,0.1086353875466451,0,461,2085
oasis,32,qsf,template_random_projection,0.031192154488312477,0.0011001361214077689,0.03149301094025073,0.05545400467234937,0.07376522669202737,0.128892377943357,0,461,2085
oasis,32,qsf,template_random_robust,0.02882601119865295,0.0009429077947092375,0.029119751749990607,0.05208790433314942,0.06743102081805488,0.1086353875466451,0,461,2085
oasis,32,qsf,template_selected_bounded_residual,0.02675397229113308,0.0008121875524781269,0.02701614003799621,0.046941231819846684,0.061396362025891285,0.1454875243380557,0,461,2085
oasis,32,qsf,template_selected_projection,0.02881804299925864,0.0009372316577883097,0.0290901980744613,0.04926851841846382,0.0681646032748435,0.1542558708995569,0,461,2085
oasis,32,qsf,template_selected_robust,0.02675397229113308,0.0008121875524781269,0.02701614003799621,0.046941231819846684,0.061396362025891285,0.1454875243380557,0,461,2085
